iso,SID,P_2019,GR_SID,area
vnm,10443,9574,644,819
vnm,10456,16538,644,1606
vnm,10444,11625,644,654
vnm,10446,6815,644,737
vnm,10445,9302,644,411
vnm,10448,10605,644,1373
vnm,10450,9629,644,2352
vnm,10449,14819,644,4393
vnm,10451,8711,644,1599
vnm,10447,11814,644,1108
vnm,10453,6744,644,2254
vnm,10455,9989,644,692
vnm,10452,10078,644,4613
vnm,10454,10907,644,1153
vnm,10558,17411,651,3663
vnm,10557,13232,651,1712
vnm,10544,11064,651,274
vnm,10559,17876,651,2584
vnm,10561,19431,651,1949
vnm,10560,18962,651,2121
vnm,10546,25256,651,2691
vnm,10551,17155,651,2593
vnm,10548,14987,651,1833
vnm,10550,17357,651,1992
vnm,10555,16316,651,1854
vnm,10556,12499,651,1811
vnm,10553,10734,651,1362
vnm,10547,23088,651,2592
vnm,10552,17467,651,2291
vnm,10545,13314,651,1077
vnm,10554,23301,651,2925
vnm,10549,16098,651,2241
vnm,10437,21530,643,557
vnm,10436,25180,643,1310
vnm,10439,19377,643,1542
vnm,10442,4484,643,2576
vnm,10438,15277,643,835
vnm,10440,7189,643,886
vnm,10441,6675,643,3767
vnm,10501,8112,647,3608
vnm,10496,14983,647,2690
vnm,10497,20423,647,3779
vnm,10500,7350,647,4974
vnm,10498,15010,647,1074
vnm,10489,16609,647,633
vnm,10499,11259,647,6039
vnm,10490,22409,647,1989
vnm,10491,19537,647,4424
vnm,10492,17522,647,3811
vnm,10493,10436,647,8419
vnm,10495,17250,647,3898
vnm,10494,23984,647,2935
vnm,10531,22575,650,1187
vnm,10532,14298,650,1747
vnm,10537,20089,650,2433
vnm,10535,6191,650,456
vnm,10533,17406,650,4217
vnm,10539,10682,650,3743
vnm,10542,3612,650,2807
vnm,10538,8938,650,3404
vnm,10536,8942,650,4687
vnm,10534,12889,650,4025
vnm,10540,5150,650,3018
vnm,10541,6374,650,4315
vnm,10543,12768,650,2796
vnm,10427,20001,642,1213
vnm,10428,30789,642,706
vnm,10425,12673,642,135
vnm,10423,14748,642,110
vnm,10433,32792,642,1779
vnm,10435,21309,642,1294
vnm,10434,11249,642,1002
vnm,10424,16338,642,111
vnm,10429,30235,642,438
vnm,10430,14636,642,505
vnm,10432,25581,642,1473
vnm,10431,26090,642,2182
vnm,10426,10453,642,60
vnm,10486,12592,646,1335
vnm,10471,13509,646,1828
vnm,10482,8110,646,2584
vnm,10478,13920,646,2715
vnm,10473,9083,646,945
vnm,10480,10782,646,2136
vnm,10483,12779,646,2326
vnm,10476,5261,646,1670
vnm,10485,12550,646,1884
vnm,10475,10531,646,1610
vnm,10474,5014,646,2202
vnm,10470,19619,646,767
vnm,10477,11636,646,3004
vnm,10484,11176,646,1826
vnm,10479,9112,646,2490
vnm,10481,4889,646,2125
vnm,10487,6648,646,1039
vnm,10488,10050,646,588
vnm,10510,8642,648,5206
vnm,10514,11646,648,6129
vnm,10511,3594,648,3657
vnm,10506,8386,648,2490
vnm,10503,6052,648,769
vnm,10502,11558,648,670
vnm,10505,4813,648,2057
vnm,10504,4233,648,1590
vnm,10508,13811,648,2405
vnm,10515,4856,648,3408
vnm,10513,7601,648,3438
vnm,10507,7866,648,2777
vnm,10509,6203,648,3071
vnm,10512,7544,648,2848
vnm,10467,18989,645,2269
vnm,10469,6888,645,1730
vnm,10465,9012,645,1526
vnm,10459,7800,645,266
vnm,10458,11115,645,103
vnm,10466,11622,645,1459
vnm,10472,9019,645,1535
vnm,10457,13710,645,372
vnm,10460,3818,645,1480
vnm,10468,9119,645,1683
vnm,10464,11325,645,1419
vnm,10463,6090,645,1468
vnm,10462,8743,645,1404
vnm,10461,12241,645,1196
vnm,10566,5426,652,3225
vnm,10577,7343,652,3192
vnm,10571,10058,652,4287
vnm,10572,10525,652,4041
vnm,10573,3873,652,3573
vnm,10562,17270,652,1029
vnm,10564,11267,652,1293
vnm,10563,11673,652,776
vnm,10569,10051,652,3488
vnm,10565,5095,652,4046
vnm,10576,10021,652,3220
vnm,10574,10111,652,3452
vnm,10578,4588,652,2974
vnm,10570,9887,652,4391
vnm,10575,9520,652,3725
vnm,10567,9825,652,4130
vnm,10568,15190,652,2226
vnm,10527,5655,649,3182
vnm,10517,13502,649,2208
vnm,10522,12448,649,3632
vnm,10528,9491,649,4849
vnm,10518,3626,649,2641
vnm,10519,5081,649,3175
vnm,10524,7534,649,10211
vnm,10523,8353,649,4822
vnm,10526,7969,649,3749
vnm,10530,10310,649,3581
vnm,10525,6485,649,5741
vnm,10529,5241,649,9688
vnm,10516,13421,649,901
vnm,10520,5209,649,4284
vnm,10521,1750,649,6336
vnm,11003,8069,696,708
vnm,11000,10961,696,542
vnm,10998,20287,696,662
vnm,10994,15051,696,270
vnm,10995,13362,696,86
vnm,10996,22260,696,431
vnm,10997,17468,696,328
vnm,10999,14258,696,739
vnm,11001,16610,696,1167
vnm,11002,15567,696,1566
vnm,11055,11588,701,273
vnm,11053,13398,701,386
vnm,11054,11463,701,358
vnm,11056,12166,701,201
vnm,11057,10234,701,139
vnm,11052,10255,701,658
vnm,11047,13813,701,371
vnm,11050,23355,701,1027
vnm,11048,18935,701,1443
vnm,11049,14745,701,877
vnm,11051,11809,701,715
vnm,11038,16590,700,486
vnm,11040,17188,700,3659
vnm,11041,14834,700,4493
vnm,11043,12254,700,261
vnm,11044,10984,700,249
vnm,11039,7831,700,2324
vnm,11045,9709,700,775
vnm,11037,18050,700,704
vnm,11042,24894,700,792
vnm,11046,10284,700,359
vnm,11008,13610,697,5449
vnm,11004,11280,697,1560
vnm,11007,19008,697,6395
vnm,11005,11414,697,4015
vnm,11006,15873,697,4647
vnm,11012,10904,697,4267
vnm,11011,9541,697,3988
vnm,11009,9891,697,3823
vnm,11010,9595,697,1241
vnm,11021,22139,702,1717
vnm,11029,13749,702,4775
vnm,11030,14040,702,4552
vnm,11033,11511,702,649
vnm,11034,8686,702,470
vnm,11035,16755,702,1039
vnm,11032,14683,702,4165
vnm,11036,15330,702,1559
vnm,11017,14594,698,4265
vnm,11019,11057,698,1073
vnm,11020,12666,698,985
vnm,11013,20992,698,5124
vnm,11016,15803,698,5534
vnm,11014,17681,698,5839
vnm,11015,15830,698,4580
vnm,11018,14791,698,4407
vnm,11024,14710,699,3893
vnm,11025,10073,699,3435
vnm,11028,13750,699,5473
vnm,11027,12801,699,3033
vnm,11026,12036,699,1679
vnm,11031,16732,699,3289
vnm,11022,10093,699,2758
vnm,11023,10130,699,2546
vnm,2655,10043,149,920
vnm,2498,6925,149,325
vnm,2499,15328,149,542
vnm,2568,12168,149,833
vnm,2492,12645,149,127
vnm,2495,10471,149,110
vnm,2494,5366,149,174
vnm,2491,10083,149,95
vnm,2658,6236,149,554
vnm,2496,11801,149,1044
vnm,2652,12788,149,824
vnm,2656,11217,149,891
vnm,2489,16931,149,444
vnm,2490,12371,149,118
vnm,2493,7688,149,80
vnm,2497,9431,149,323
vnm,2713,14608,158,1610
vnm,2717,10848,158,1254
vnm,2707,4351,158,320
vnm,2694,3553,158,420
vnm,2703,13476,158,1243
vnm,2710,8931,158,1143
vnm,2712,14371,158,1442
vnm,2716,16010,158,1946
vnm,2709,11630,158,1001
vnm,2702,6301,158,569
vnm,2699,7000,158,722
vnm,2696,6224,158,577
vnm,2698,5538,158,617
vnm,2697,5903,158,765
vnm,2706,4586,158,551
vnm,2715,14098,158,1541
vnm,2705,16444,158,1597
vnm,2718,13477,158,937
vnm,2711,14923,158,1186
vnm,2700,10828,158,1259
vnm,2704,5094,158,592
vnm,2693,5779,158,142
vnm,2701,5683,158,505
vnm,2695,5607,158,524
vnm,2708,9530,158,958
vnm,2714,10559,158,995
vnm,2553,9209,152,1052
vnm,2566,6848,152,1281
vnm,2551,8264,152,1012
vnm,2557,7256,152,1132
vnm,2556,9026,152,1420
vnm,2550,14823,152,4565
vnm,2545,2177,152,85
vnm,2555,6859,152,687
vnm,2561,9695,152,1007
vnm,2547,7924,152,923
vnm,2548,6413,152,768
vnm,2562,9770,152,1065
vnm,2549,9468,152,1389
vnm,2565,13757,152,1236
vnm,2560,11246,152,1662
vnm,2554,9886,152,1133
vnm,2558,10844,152,1967
vnm,2567,10686,152,1236
vnm,2552,13038,152,1791
vnm,2546,7216,152,424
vnm,2564,13878,152,1320
vnm,2563,9226,152,1384
vnm,2559,7073,152,888
vnm,2575,9813,153,1417
vnm,2574,14045,153,2861
vnm,2592,7431,153,1486
vnm,2585,6950,153,3356
vnm,2594,8477,153,3208
vnm,2581,11497,153,1845
vnm,2582,5851,153,1232
vnm,2569,9263,153,540
vnm,2595,5200,153,1155
vnm,2571,10139,153,6186
vnm,2572,10773,153,3147
vnm,2589,5581,153,2480
vnm,2588,5990,153,1040
vnm,2570,3488,153,187
vnm,2591,7724,153,12448
vnm,2586,8265,153,1320
vnm,2583,15325,153,6591
vnm,2580,7937,153,997
vnm,2573,16884,153,3888
vnm,2576,10010,153,2002
vnm,2579,6750,153,835
vnm,2577,4671,153,1210
vnm,2578,2897,153,1630
vnm,2590,6265,153,3178
vnm,2584,9239,153,5838
vnm,2593,3519,153,1070
vnm,2587,10254,153,1840
vnm,2612,8146,154,2253
vnm,2606,7713,154,2498
vnm,2596,7944,154,343
vnm,2618,5931,154,2181
vnm,2624,4885,154,5609
vnm,2611,9304,154,2046
vnm,2608,10204,154,1692
vnm,2602,4441,154,4957
vnm,2605,6609,154,6739
vnm,2607,9711,154,3582
vnm,2609,2399,154,1697
vnm,2621,6322,154,1953
vnm,2622,8798,154,3607
vnm,2616,7094,154,1196
vnm,2615,5342,154,887
vnm,2599,2695,154,6064
vnm,2600,5345,154,4550
vnm,2620,4537,154,3109
vnm,2625,11876,154,2293
vnm,2613,17889,154,4796
vnm,2603,3769,154,5537
vnm,2610,6931,154,2628
vnm,2619,8285,154,6682
vnm,2623,6451,154,4609
vnm,2617,10398,154,2238
vnm,2598,8381,154,6448
vnm,2604,16274,154,3611
vnm,2614,9646,154,1510
vnm,2601,3010,154,4404
vnm,2642,3657,155,3626
vnm,2626,4849,155,278
vnm,2641,4347,155,2204
vnm,2637,3040,155,14694
vnm,2638,5866,155,1547
vnm,2645,885,155,3787
vnm,2636,3471,155,2193
vnm,2633,2483,155,694
vnm,2644,5411,155,9698
vnm,2634,2727,155,2595
vnm,2630,2173,155,4616
vnm,2640,3344,155,1953
vnm,2646,5083,155,8078
vnm,2632,1364,155,2351
vnm,2631,2891,155,1220
vnm,2628,508,155,2598
vnm,2648,2970,155,6310
vnm,2627,4496,155,2504
vnm,2643,4332,155,8364
vnm,2647,2310,155,7617
vnm,2629,2992,155,4676
vnm,2635,1951,155,2006
vnm,2639,4244,155,3609
vnm,2529,7455,151,1386
vnm,2521,6074,151,335
vnm,2535,6941,151,844
vnm,2534,12177,151,1819
vnm,2526,4368,151,635
vnm,2532,7165,151,1169
vnm,2533,7530,151,1116
vnm,2523,3856,151,686
vnm,2541,7488,151,1417
vnm,2531,5504,151,918
vnm,2538,7030,151,1183
vnm,2543,7784,151,1108
vnm,2542,13444,151,1727
vnm,2539,8665,151,1348
vnm,2522,2820,151,186
vnm,2524,5140,151,529
vnm,2530,6787,151,1339
vnm,2528,5487,151,723
vnm,2544,8887,151,1071
vnm,2527,4886,151,744
vnm,2537,9431,151,1051
vnm,2525,7702,151,1237
vnm,2540,9927,151,1613
vnm,2536,8877,151,1090
vnm,2674,8261,157,492
vnm,2682,8399,157,631
vnm,2684,9906,157,606
vnm,2688,19994,157,767
vnm,2680,10864,157,1197
vnm,2679,14218,157,1988
vnm,2675,9889,157,718
vnm,2678,11163,157,1613
vnm,2689,8865,157,959
vnm,2687,10671,157,675
vnm,2692,13701,157,993
vnm,2681,8201,157,999
vnm,2686,10275,157,565
vnm,2676,9209,157,1203
vnm,2685,11816,157,1604
vnm,2683,10781,157,1432
vnm,2691,8326,157,264
vnm,2690,9013,157,1193
vnm,2677,10840,157,1381
vnm,2669,6398,156,806
vnm,2673,8467,156,1429
vnm,2672,6618,156,994
vnm,2668,7584,156,1098
vnm,2653,10531,156,1018
vnm,2664,6894,156,880
vnm,2651,3546,156,455
vnm,2659,7965,156,932
vnm,2649,7681,156,762
vnm,2667,6042,156,1287
vnm,2657,6024,156,898
vnm,2654,4328,156,569
vnm,2650,6775,156,573
vnm,2662,6254,156,897
vnm,2671,2567,156,510
vnm,2666,7696,156,1091
vnm,2660,8529,156,1286
vnm,2663,4760,156,1137
vnm,2670,8832,156,1277
vnm,2661,7927,156,1009
vnm,2665,15204,156,2340
vnm,2517,4293,150,987
vnm,2501,3789,150,135
vnm,2520,6156,150,707
vnm,2500,3805,150,255
vnm,2503,6070,150,4424
vnm,2507,4926,150,2618
vnm,2516,5559,150,924
vnm,2512,4034,150,750
vnm,2508,2433,150,808
vnm,2502,3804,150,4844
vnm,2506,4747,150,2907
vnm,2513,7812,150,3337
vnm,2511,3850,150,1039
vnm,2515,5226,150,861
vnm,2518,4671,150,847
vnm,2509,3533,150,1099
vnm,2505,6292,150,3827
vnm,2514,4112,150,943
vnm,2519,4487,150,788
vnm,2510,4409,150,2375
vnm,2504,5951,150,3084
vnm,692,2198,45,1215
vnm,690,818,45,8396
vnm,684,2366,45,16082
vnm,694,1763,45,6155
vnm,691,1668,45,1545
vnm,686,2214,45,3665
vnm,693,1970,45,3736
vnm,689,1830,45,6046
vnm,679,1755,45,134
vnm,680,1515,45,2626
vnm,688,1811,45,976
vnm,695,1909,45,4107
vnm,682,1585,45,3462
vnm,687,1460,45,1734
vnm,685,1820,45,1547
vnm,681,2090,45,2639
vnm,683,1562,45,4840
vnm,653,2830,43,7553
vnm,656,3620,43,4900
vnm,657,1900,43,3058
vnm,652,4288,43,580
vnm,663,2993,43,4434
vnm,661,3362,43,3905
vnm,667,2754,43,7365
vnm,655,2700,43,5076
vnm,666,1262,43,4458
vnm,658,4022,43,5519
vnm,665,3397,43,7207
vnm,659,2307,43,7584
vnm,654,3126,43,7915
vnm,664,3374,43,6988
vnm,660,3227,43,4100
vnm,662,2373,43,4984
vnm,701,1626,46,8207
vnm,711,1487,46,4230
vnm,696,6865,46,3228
vnm,703,2490,46,6313
vnm,716,3064,46,8221
vnm,712,1779,46,4037
vnm,699,2216,46,4673
vnm,709,1905,46,2722
vnm,710,1899,46,7665
vnm,698,3095,46,4057
vnm,707,2222,46,5041
vnm,713,1457,46,5030
vnm,714,831,46,3033
vnm,706,3132,46,4721
vnm,702,1835,46,5053
vnm,708,1393,46,3126
vnm,700,1351,46,3900
vnm,697,3728,46,10788
vnm,715,1423,46,4571
vnm,717,1965,46,3614
vnm,704,1603,46,6385
vnm,705,1245,46,6306
vnm,731,1316,47,3486
vnm,724,2818,47,7509
vnm,718,2401,47,276
vnm,722,2099,47,5167
vnm,721,1620,47,5425
vnm,730,2767,47,5671
vnm,725,3995,47,7219
vnm,727,1699,47,2938
vnm,733,3566,47,6264
vnm,719,1507,47,7940
vnm,729,2056,47,3503
vnm,723,2525,47,5195
vnm,720,2368,47,3741
vnm,726,2700,47,5813
vnm,732,3050,47,2573
vnm,728,1759,47,3435
vnm,744,934,48,2809
vnm,747,2509,48,7936
vnm,748,2017,48,7598
vnm,740,1577,48,2277
vnm,754,2383,48,9916
vnm,752,1515,48,4675
vnm,750,1323,48,2882
vnm,749,1351,48,3054
vnm,738,1601,48,9688
vnm,742,2228,48,6991
vnm,736,1587,48,4265
vnm,745,1775,48,2859
vnm,755,1259,48,5718
vnm,741,1521,48,2277
vnm,743,1026,48,2223
vnm,737,1880,48,4765
vnm,751,1425,48,5752
vnm,739,1014,48,1907
vnm,746,1121,48,4813
vnm,735,1600,48,10119
vnm,753,2039,48,4466
vnm,734,3835,48,534
vnm,670,2775,44,8409
vnm,671,2348,44,8343
vnm,673,1402,44,3547
vnm,678,1168,44,2939
vnm,676,2606,44,3560
vnm,668,6272,44,7928
vnm,677,2148,44,6791
vnm,669,1960,44,8395
vnm,675,2984,44,20325
vnm,672,1316,44,4825
vnm,674,3615,44,6470
vnm,648,1359,42,4171
vnm,642,3702,42,10997
vnm,644,4754,42,6717
vnm,649,4064,42,5053
vnm,651,3976,42,5216
vnm,645,3002,42,6698
vnm,646,1822,42,3863
vnm,650,5396,42,7327
vnm,643,2085,42,5286
vnm,647,2788,42,5020
vnm,636,8485,41,728
vnm,639,2906,41,3181
vnm,638,4703,41,3473
vnm,634,5167,41,149
vnm,640,3472,41,2724
vnm,637,6365,41,420
vnm,635,8722,41,479
vnm,641,2999,41,6003
vnm,3156,20164,182,561
vnm,3151,7999,182,80
vnm,3206,8287,182,611
vnm,3167,12373,182,892
vnm,3204,14160,182,847
vnm,3174,4097,182,251
vnm,3181,5606,182,517
vnm,3153,13287,182,230
vnm,3191,29125,182,1366
vnm,3157,9899,182,117
vnm,3177,11108,182,583
vnm,3158,7932,182,150
vnm,3152,13367,182,182
vnm,3155,5940,182,42
vnm,3171,10903,182,434
vnm,3154,6097,182,56
vnm,3186,24662,182,756
vnm,3159,25574,182,909
vnm,3150,13401,182,629
vnm,3255,5793,188,774
vnm,3252,5560,188,852
vnm,3260,9074,188,729
vnm,3253,7534,188,855
vnm,3259,8632,188,740
vnm,3248,8013,188,550
vnm,3251,6305,188,765
vnm,3256,8059,188,699
vnm,3257,8330,188,999
vnm,3261,6887,188,928
vnm,3254,7248,188,721
vnm,3250,5600,188,686
vnm,3249,6900,188,904
vnm,3258,8341,188,1265
vnm,3263,9332,189,981
vnm,3273,8653,189,1116
vnm,3270,4028,189,512
vnm,3275,5997,189,729
vnm,3266,5936,189,593
vnm,3272,4787,189,669
vnm,3265,9598,189,1552
vnm,3274,3842,189,619
vnm,3268,12084,189,1241
vnm,3267,5791,189,468
vnm,3262,10586,189,815
vnm,3269,4117,189,619
vnm,3271,8881,189,1305
vnm,3264,9503,189,690
vnm,3183,5056,184,564
vnm,3194,9025,184,804
vnm,3195,6774,184,856
vnm,3193,6848,184,877
vnm,3200,9376,184,1013
vnm,3180,10706,184,948
vnm,3199,7245,184,887
vnm,3196,12197,184,1026
vnm,3201,4357,184,642
vnm,3198,5801,184,610
vnm,3192,11042,184,1065
vnm,3182,8552,184,798
vnm,3178,9328,184,279
vnm,3188,8286,184,1066
vnm,3187,6168,184,806
vnm,3189,12763,184,603
vnm,3184,30505,184,1042
vnm,3185,6957,184,858
vnm,3190,10892,184,999
vnm,3179,6398,184,483
vnm,3197,5382,184,866
vnm,3226,15435,186,519
vnm,3223,15352,186,412
vnm,3225,18157,186,802
vnm,3228,20657,186,962
vnm,3218,9834,186,152
vnm,3220,18137,186,668
vnm,3229,17474,186,690
vnm,3222,12784,186,398
vnm,3219,12670,186,1041
vnm,3227,13592,186,517
vnm,3224,7797,186,281
vnm,3221,13041,186,685
vnm,3236,10137,187,912
vnm,3232,12237,187,859
vnm,3235,12643,187,992
vnm,3238,10669,187,1102
vnm,3230,14097,187,577
vnm,3242,5933,187,429
vnm,3231,9810,187,543
vnm,3233,12695,187,733
vnm,3246,9148,187,1001
vnm,3243,8050,187,770
vnm,3244,9344,187,901
vnm,3245,9650,187,1009
vnm,3234,6253,187,320
vnm,3247,4351,187,382
vnm,3239,6643,187,546
vnm,3240,9745,187,1151
vnm,3237,9126,187,668
vnm,3241,9482,187,562
vnm,3217,6098,185,528
vnm,3214,25050,185,892
vnm,3208,7096,185,480
vnm,3209,25664,185,856
vnm,3210,13701,185,1244
vnm,3207,10482,185,816
vnm,3202,12937,185,632
vnm,3216,7324,185,700
vnm,3205,10979,185,454
vnm,3212,7737,185,671
vnm,3203,16712,185,1402
vnm,3213,9530,185,851
vnm,3215,9797,185,622
vnm,3211,11762,185,1067
vnm,3160,18514,183,1022
vnm,3172,13200,183,720
vnm,3176,9086,183,646
vnm,3168,9664,183,597
vnm,3161,9516,183,846
vnm,3166,10050,183,728
vnm,3173,21238,183,746
vnm,3162,11610,183,790
vnm,3163,12149,183,940
vnm,3165,8355,183,736
vnm,3170,11624,183,909
vnm,3175,11063,183,501
vnm,3169,11628,183,682
vnm,3164,33367,183,1162
vnm,9912,7773,604,630
vnm,9913,11213,604,823
vnm,9938,2529,604,226
vnm,9914,6941,604,1029
vnm,9911,12661,604,1128
vnm,9900,12837,604,394
vnm,9915,5628,604,620
vnm,9901,9774,604,636
vnm,9906,3221,604,28
vnm,9908,1424,604,20
vnm,9907,3201,604,41
vnm,9904,4027,604,45
vnm,9905,4482,604,54
vnm,9903,8095,604,199
vnm,9909,7860,604,191
vnm,9902,7418,604,241
vnm,9910,13627,604,1327
vnm,10035,10736,610,1805
vnm,10043,7110,610,773
vnm,10039,9750,610,1884
vnm,10044,10075,610,1271
vnm,10038,5967,610,1456
vnm,10033,9027,610,1682
vnm,10028,6572,610,1246
vnm,10045,16803,610,1213
vnm,10027,9760,610,1621
vnm,10036,8288,610,1331
vnm,10022,10150,610,646
vnm,10026,6426,610,1387
vnm,10024,6588,610,1899
vnm,10030,6026,610,1107
vnm,10029,4943,610,1109
vnm,10034,6657,610,1227
vnm,10032,5089,610,1224
vnm,10031,3694,610,615
vnm,10037,5693,610,1250
vnm,10023,2441,610,1337
vnm,10041,9116,610,1018
vnm,10025,11337,610,2317
vnm,10042,6137,610,731
vnm,10040,5159,610,935
vnm,10002,9830,609,510
vnm,10016,10731,609,309
vnm,10014,8346,609,791
vnm,10009,5428,609,1267
vnm,10018,7854,609,758
vnm,10012,8209,609,1258
vnm,10011,6638,609,1086
vnm,10004,5344,609,638
vnm,10005,5660,609,744
vnm,10015,6529,609,1769
vnm,10006,5029,609,725
vnm,10010,3997,609,853
vnm,10003,3251,609,698
vnm,10020,8878,609,1174
vnm,10017,8022,609,1536
vnm,10013,6802,609,1641
vnm,10021,7350,609,1558
vnm,10019,8049,609,1341
vnm,10008,4857,609,948
vnm,10007,5656,609,991
vnm,9939,8169,606,698
vnm,9943,11505,606,1437
vnm,9950,7151,606,1125
vnm,9944,14852,606,2227
vnm,9940,9360,606,1108
vnm,9945,7087,606,1001
vnm,9941,11221,606,1188
vnm,9947,11434,606,1829
vnm,9942,8816,606,1220
vnm,9949,6127,606,912
vnm,9948,15081,606,1750
vnm,9934,6705,605,686
vnm,9932,4178,605,381
vnm,9919,9638,605,1182
vnm,9925,6025,605,710
vnm,9916,4602,605,360
vnm,9921,3916,605,491
vnm,9920,4743,605,517
vnm,9935,9068,605,1344
vnm,9924,9982,605,638
vnm,9923,7649,605,1175
vnm,9922,9684,605,1332
vnm,9931,6118,605,965
vnm,9918,15573,605,1420
vnm,9930,5299,605,766
vnm,9937,5191,605,552
vnm,9926,10240,605,1274
vnm,9929,12284,605,2134
vnm,9917,11150,605,810
vnm,9927,6245,605,1041
vnm,9933,7174,605,1077
vnm,9936,13764,605,1691
vnm,9928,5761,605,1085
vnm,9991,8713,608,1684
vnm,9996,9617,608,1896
vnm,9988,8066,608,2972
vnm,9984,9036,608,2039
vnm,9980,9529,608,1345
vnm,10001,6557,608,1284
vnm,10000,10517,608,2170
vnm,9993,4596,608,685
vnm,9994,7243,608,1297
vnm,9985,10608,608,1780
vnm,9987,6289,608,1136
vnm,9986,4691,608,723
vnm,9983,7966,608,692
vnm,9982,4002,608,1090
vnm,9981,6066,608,1063
vnm,9992,8289,608,1482
vnm,9990,7533,608,1218
vnm,9995,6620,608,1102
vnm,9998,6988,608,1392
vnm,9997,10195,608,2006
vnm,9999,9490,608,1487
vnm,9989,6046,608,1135
vnm,9959,8104,612,1417
vnm,9951,8456,612,1505
vnm,9968,10784,612,1321
vnm,9963,12133,612,1770
vnm,9946,5450,612,996
vnm,9956,7702,612,942
vnm,9962,7580,612,1220
vnm,9955,6850,612,1206
vnm,9957,12847,612,1827
vnm,9960,6394,612,1390
vnm,9954,7944,612,1212
vnm,9958,7624,612,1075
vnm,9953,10662,612,1442
vnm,9971,10408,607,1690
vnm,9969,11845,607,1524
vnm,9974,7179,607,1304
vnm,9967,6284,607,848
vnm,9970,3519,607,560
vnm,9978,11588,607,2067
vnm,9961,9626,607,1418
vnm,9964,8150,607,1885
vnm,9979,10686,607,2291
vnm,9952,10583,607,502
vnm,9976,8324,607,1762
vnm,9977,4860,607,1029
vnm,9966,6240,607,1096
vnm,9965,7029,607,205
vnm,9973,7548,607,1544
vnm,9975,9890,607,1721
vnm,9972,8859,607,1119
vnm,10055,5626,611,929
vnm,10060,5730,611,421
vnm,10058,7390,611,1275
vnm,10052,4180,611,449
vnm,10057,9085,611,1111
vnm,10056,7962,611,1359
vnm,10048,5193,611,1138
vnm,10061,6198,611,554
vnm,10054,7941,611,1827
vnm,10063,8400,611,1022
vnm,10051,6476,611,1542
vnm,10047,5615,611,1315
vnm,10049,6407,611,1517
vnm,10050,7356,611,1696
vnm,10059,7990,611,1762
vnm,10062,9264,611,1945
vnm,10046,9482,611,1190
vnm,10053,6700,611,1911
vnm,9155,10094,548,1070
vnm,9154,9760,548,996
vnm,9157,10090,548,1888
vnm,9152,7732,548,413
vnm,9151,10877,548,314
vnm,9149,5876,548,103
vnm,9148,6870,548,343
vnm,9150,13306,548,293
vnm,9153,6152,548,249
vnm,9156,8570,548,840
vnm,9159,7334,549,2458
vnm,9161,8227,549,3636
vnm,9165,8582,549,2125
vnm,9166,7258,549,2154
vnm,9168,9317,549,5483
vnm,9173,7920,549,5007
vnm,9171,9948,549,2536
vnm,9169,6321,549,2351
vnm,9160,16215,549,1603
vnm,9174,11663,549,2636
vnm,9170,8942,549,3606
vnm,9164,7759,549,2470
vnm,9162,11147,549,2768
vnm,9172,3232,549,3859
vnm,9167,10837,549,4499
vnm,9163,8099,549,1961
vnm,9195,20710,552,2647
vnm,9202,4412,552,1159
vnm,9201,5956,552,3785
vnm,9198,4342,552,1453
vnm,9200,6079,552,3312
vnm,9199,21532,552,1556
vnm,9197,6705,552,2558
vnm,9196,3074,552,4301
vnm,9190,8080,551,1152
vnm,9192,4046,551,723
vnm,9188,20258,551,1171
vnm,9189,38355,551,1504
vnm,9194,26831,551,1054
vnm,9193,30200,551,346
vnm,9191,6926,551,1608
vnm,9147,14906,547,2151
vnm,9139,19844,547,450
vnm,9131,6805,547,183
vnm,9144,25432,547,428
vnm,9145,33911,547,1072
vnm,9146,31589,547,1656
vnm,9133,14374,547,284
vnm,9134,18700,547,111
vnm,9135,16348,547,99
vnm,9136,14769,547,385
vnm,9138,27927,547,194
vnm,9140,21866,547,236
vnm,9141,12699,547,317
vnm,9143,19517,547,336
vnm,9142,34475,547,482
vnm,9137,21406,547,214
vnm,9132,16431,547,218
vnm,9181,9343,550,3915
vnm,9187,20560,550,9775
vnm,9179,3721,550,3970
vnm,9186,5120,550,5909
vnm,9182,10907,550,4453
vnm,9185,10330,550,8319
vnm,9184,19484,550,11801
vnm,9183,3939,550,2933
vnm,9175,16024,550,968
vnm,9177,13507,550,3848
vnm,9176,8178,550,5575
vnm,9180,6646,550,10506
vnm,9178,11543,550,2144
vnm,7360,1593,401,4894
vnm,7364,10070,401,4737
vnm,7358,1504,401,7839
vnm,7357,4028,401,1787
vnm,7366,683,401,4496
vnm,7365,1244,401,6544
vnm,7363,3064,401,2793
vnm,7362,888,401,31537
vnm,7359,2408,401,7773
vnm,7361,1936,401,10223
vnm,7460,17290,408,673
vnm,7461,16650,408,591
vnm,7467,10056,408,1040
vnm,7464,9173,408,1327
vnm,7465,13263,408,1384
vnm,7472,17354,408,3112
vnm,7469,12116,408,979
vnm,7470,7745,408,977
vnm,7471,8549,408,1410
vnm,7462,11145,408,2002
vnm,7466,9239,408,977
vnm,7468,10335,408,1141
vnm,7473,7931,408,7143
vnm,7474,8221,408,3911
vnm,7463,14822,408,1483
vnm,7393,8169,403,3337
vnm,7386,5952,403,4242
vnm,7385,4143,403,3204
vnm,7394,5803,403,4618
vnm,7388,5528,403,3410
vnm,7398,9158,403,11683
vnm,7392,6601,403,3661
vnm,7387,492,403,7471
vnm,7391,7448,403,1897
vnm,7390,7924,403,3700
vnm,7397,5007,403,6872
vnm,7396,7837,403,6582
vnm,7395,1648,403,12583
vnm,7384,7619,403,591
vnm,7368,18225,402,1885
vnm,7371,8848,402,2692
vnm,7370,9074,402,2603
vnm,7383,12883,402,7481
vnm,7380,6860,402,366
vnm,7375,12321,402,4673
vnm,7378,16765,402,1037
vnm,7382,12109,402,5589
vnm,7372,8353,402,4801
vnm,7369,8343,402,6934
vnm,7379,17244,402,3289
vnm,7377,12460,402,1930
vnm,7376,10602,402,1654
vnm,7381,7948,402,1075
vnm,7367,12083,402,807
vnm,7373,18817,402,507
vnm,7374,12571,402,959
vnm,7459,6129,407,1285
vnm,7451,5288,407,5137
vnm,7448,13400,407,5351
vnm,7452,6959,407,4969
vnm,7454,7455,407,4781
vnm,7445,13056,407,3132
vnm,7447,6575,407,8298
vnm,7444,14785,407,2287
vnm,7453,10086,407,4525
vnm,7443,4292,407,13393
vnm,7446,9588,407,4594
vnm,7456,15841,407,3270
vnm,7458,6882,407,985
vnm,7449,8171,407,4935
vnm,7457,11509,407,2024
vnm,7450,13829,407,5734
vnm,7455,15484,407,3432
vnm,7442,11787,407,900
vnm,7400,6719,404,520
vnm,7406,8819,404,2826
vnm,7416,5644,404,836
vnm,7412,12389,404,1970
vnm,7417,3810,404,2727
vnm,7402,7544,404,3531
vnm,7401,7392,404,3386
vnm,7414,12106,404,6761
vnm,7410,7266,404,5175
vnm,7404,6652,404,4391
vnm,7405,6997,404,2322
vnm,7407,7900,404,4246
vnm,7413,6383,404,2413
vnm,7415,8054,404,3313
vnm,7403,10313,404,2445
vnm,7409,13687,404,4042
vnm,7411,11106,404,2958
vnm,7408,5691,404,6113
vnm,7399,11006,404,1438
vnm,7350,16482,400,5949
vnm,7339,32971,400,340
vnm,7352,12923,400,3003
vnm,7341,15488,400,477
vnm,7344,10702,400,112
vnm,7348,10023,400,64
vnm,7347,5069,400,71
vnm,7346,22890,400,129
vnm,7351,17151,400,166
vnm,7337,22544,400,1068
vnm,7356,2062,400,352
vnm,7355,5140,400,1332
vnm,7354,4376,400,3254
vnm,7353,8346,400,1661
vnm,7338,22834,400,1391
vnm,7488,5950,400,8438
vnm,7342,24254,400,879
vnm,7343,10072,400,47
vnm,7345,7387,400,53
vnm,7349,9652,400,73
vnm,7340,19063,400,1225
vnm,7434,7389,406,1678
vnm,7440,12987,406,5688
vnm,7428,5783,406,12891
vnm,7432,8988,406,6206
vnm,7430,6846,406,4926
vnm,7436,8134,406,4080
vnm,7427,19472,406,1201
vnm,7433,4154,406,1258
vnm,7435,4684,406,766
vnm,7431,10089,406,8562
vnm,7441,7375,406,7080
vnm,7429,6257,406,9174
vnm,7437,5565,406,810
vnm,7439,5543,406,4340
vnm,7438,1298,406,12702
vnm,7476,12476,409,613
vnm,7486,18559,409,3969
vnm,7482,15437,409,1859
vnm,7480,13806,409,1152
vnm,7478,11993,409,1209
vnm,7483,15860,409,1349
vnm,7484,4965,409,741
vnm,7479,12743,409,1243
vnm,7481,21911,409,2162
vnm,7477,8698,409,1438
vnm,7487,11250,409,4122
vnm,7485,16247,409,1147
vnm,7475,14068,409,752
vnm,7493,2713,410,4325
vnm,7491,2369,410,15022
vnm,7495,1974,410,6319
vnm,7490,2447,410,45777
vnm,7494,3246,410,9917
vnm,7492,8122,410,11878
vnm,7489,6596,410,2384
vnm,7422,2916,405,18419
vnm,7421,3020,405,9674
vnm,7423,1678,405,3453
vnm,7420,2001,405,18789
vnm,7426,3761,405,2876
vnm,7419,3267,405,19438
vnm,7418,6141,405,1027
vnm,7424,5739,405,5919
vnm,7425,1565,405,4231
vnm,8924,9118,535,6621
vnm,8928,7974,535,3314
vnm,8929,2829,535,5166
vnm,8930,8538,535,4148
vnm,8925,6999,535,3397
vnm,8923,8030,535,9824
vnm,8926,2943,535,3228
vnm,8933,7061,535,4596
vnm,8927,6064,535,3550
vnm,8937,5821,535,2175
vnm,8904,17992,530,3508
vnm,8905,33972,530,5002
vnm,8903,22534,530,5450
vnm,8907,37639,530,2104
vnm,8895,72752,530,2478
vnm,8909,18728,530,2159
vnm,8908,36041,530,1888
vnm,8906,62009,530,4350
vnm,8897,5022,528,5371
vnm,8901,7189,528,2728
vnm,8902,14907,528,5668
vnm,8898,29223,528,10264
vnm,8900,15743,528,8940
vnm,8899,7653,528,3750
vnm,8896,12271,528,3261
vnm,8891,7544,529,7866
vnm,8883,19095,529,3083
vnm,8887,6690,529,7097
vnm,8890,7840,529,6610
vnm,8889,3442,529,4705
vnm,8888,9936,529,7767
vnm,8892,6243,529,6949
vnm,8884,8632,529,9726
vnm,8886,6635,529,5141
vnm,8885,9253,529,7632
vnm,8893,11130,529,6620
vnm,8894,15085,529,7131
vnm,8949,77031,533,430
vnm,8946,30168,533,616
vnm,8947,15253,533,591
vnm,8943,105367,533,1128
vnm,8948,94307,533,1159
vnm,8944,57679,533,1186
vnm,8945,91567,533,1725
vnm,8915,15518,531,7572
vnm,8911,4557,531,2772
vnm,8914,2509,531,2843
vnm,8913,5266,531,7147
vnm,8920,12711,531,7030
vnm,8912,3558,531,3075
vnm,8910,14592,531,3831
vnm,8917,3980,531,13821
vnm,8916,4362,531,3518
vnm,8918,7345,531,6150
vnm,8919,13719,531,5041
vnm,8938,6740,532,1004
vnm,8932,40228,532,2080
vnm,8935,60455,532,2419
vnm,8936,13931,532,916
vnm,8934,55936,532,2954
vnm,8922,44030,532,1168
vnm,8939,32243,532,1125
vnm,8941,3597,532,264
vnm,8940,10494,532,831
vnm,8942,45967,532,1122
vnm,8921,34126,532,3913
vnm,8931,21632,532,3842
vnm,8882,13133,527,726
vnm,8874,27194,527,521
vnm,8875,18400,527,928
vnm,8880,19410,527,778
vnm,8869,35083,527,694
vnm,8876,35030,527,3339
vnm,8871,17883,527,262
vnm,8872,34121,527,772
vnm,8870,30503,527,859
vnm,8877,24894,527,668
vnm,8878,12393,527,1934
vnm,8873,21177,527,533
vnm,8879,15525,527,1102
vnm,8881,13538,527,609
vnm,8954,104218,534,1299
vnm,8956,7548,534,591
vnm,8950,32339,534,888
vnm,8952,92683,534,1352
vnm,8958,126954,534,1667
vnm,8957,20588,534,594
vnm,8955,14196,534,331
vnm,8951,57564,534,867
vnm,8953,112420,534,1349
vnm,8959,25557,534,640
vnm,8720,12130,509,1191
vnm,8718,11514,509,2731
vnm,8722,4293,509,516
vnm,8721,5218,509,468
vnm,8725,12929,509,5661
vnm,8726,10851,509,4423
vnm,8713,5761,512,5752
vnm,8714,4243,512,14742
vnm,8717,9886,512,4430
vnm,8719,8194,512,4895
vnm,8712,8543,512,1562
vnm,8716,8787,512,5421
vnm,8715,11204,512,5419
vnm,8753,11134,515,13436
vnm,8754,11107,515,12913
vnm,8757,5414,515,12155
vnm,8758,13182,515,9413
vnm,8748,9869,515,1228
vnm,8750,12350,515,11037
vnm,8762,5086,515,23825
vnm,8756,6210,515,8974
vnm,8749,7724,515,8800
vnm,8755,10109,515,5871
vnm,8761,5093,515,5681
vnm,8760,8531,515,10165
vnm,8751,5373,515,14409
vnm,8763,6085,515,10802
vnm,8752,7615,515,9529
vnm,8759,14127,515,12842
vnm,8681,8243,510,6375
vnm,8675,7238,510,40527
vnm,8677,7398,510,4308
vnm,8679,10484,510,8830
vnm,8676,16403,510,29010
vnm,8695,14036,510,16127
vnm,8678,12432,510,9376
vnm,8680,8213,510,7091
vnm,8764,19381,516,3848
vnm,8769,27782,516,6979
vnm,8766,8094,516,5518
vnm,8770,7115,516,4608
vnm,8773,4267,516,4598
vnm,8771,5521,516,5915
vnm,8772,5976,516,5265
vnm,8768,3115,516,3405
vnm,8765,9132,516,4687
vnm,8739,7240,514,10600
vnm,8746,13546,514,7211
vnm,8744,3236,514,16206
vnm,8741,4163,514,14447
vnm,8743,10652,514,8423
vnm,8742,4052,514,14621
vnm,8737,14884,514,3834
vnm,8740,7975,514,11731
vnm,8747,10141,514,3887
vnm,8738,9981,514,8377
vnm,8745,9454,514,11146
vnm,8665,11640,508,605
vnm,8664,10219,508,912
vnm,8663,20379,508,1037
vnm,8668,13220,508,6654
vnm,8667,10101,508,431
vnm,8666,14114,508,1155
vnm,8670,14319,508,5934
vnm,8669,12498,508,2716
vnm,8724,7259,513,5478
vnm,8727,4504,513,5041
vnm,8735,5638,513,5752
vnm,8730,5544,513,6241
vnm,8731,4913,513,8433
vnm,8732,8694,513,5337
vnm,8736,7763,513,7877
vnm,8729,11232,513,11299
vnm,8734,14368,513,5466
vnm,8728,7741,513,5520
vnm,8767,5001,513,3437
vnm,8723,11159,513,6943
vnm,8733,4090,513,1360
vnm,8698,7712,511,7760
vnm,8708,7196,511,3713
vnm,8701,7974,511,3359
vnm,8697,6099,511,5881
vnm,8709,7483,511,3441
vnm,8711,6113,511,4474
vnm,8696,9702,511,958
vnm,8705,6476,511,3602
vnm,8704,6648,511,4390
vnm,8699,10211,511,15755
vnm,8700,3156,511,8790
vnm,8710,4412,511,8828
vnm,8707,6751,511,1931
vnm,8706,7569,511,15615
vnm,8702,8088,511,6252
vnm,8703,7527,511,5118
vnm,8685,3979,517,3044
vnm,8684,7341,517,5496
vnm,8690,12280,517,4333
vnm,8683,8608,517,9878
vnm,8691,14997,517,10501
vnm,8687,8374,517,5386
vnm,8692,8360,517,8758
vnm,8694,14886,517,9070
vnm,8693,4223,517,6034
vnm,8689,7545,517,14697
vnm,8686,3462,507,2597
vnm,8674,15802,507,1186
vnm,8672,7315,507,467
vnm,8673,8392,507,1788
vnm,8688,6850,507,2476
vnm,8682,5059,507,2245
vnm,8671,6602,507,1570
vnm,7843,5605,438,14630
vnm,7854,6777,438,8967
vnm,7840,13387,438,4033
vnm,7845,9135,438,5731
vnm,7857,1560,438,10255
vnm,7852,11207,438,8378
vnm,7856,7855,438,23531
vnm,7849,14169,438,17213
vnm,7844,1385,438,13236
vnm,7853,5861,438,2617
vnm,7850,9424,438,9002
vnm,7842,2560,438,46726
vnm,7855,11675,438,2497
vnm,7841,3837,438,21906
vnm,7851,8279,438,3329
vnm,7847,2004,438,9124
vnm,7848,5510,438,6674
vnm,7846,8223,438,11850
vnm,7908,5371,442,2741
vnm,7909,8855,442,5330
vnm,7903,18182,442,3715
vnm,7910,9942,442,3024
vnm,7904,8388,442,10063
vnm,7913,8681,442,4264
vnm,7906,10908,442,7591
vnm,7907,8654,442,3173
vnm,7905,7012,442,5957
vnm,7912,5919,442,7206
vnm,7914,8430,442,4290
vnm,7902,16740,442,3093
vnm,7911,8031,442,2742
vnm,7932,5998,443,5552
vnm,7922,6019,443,7380
vnm,7927,4785,443,12948
vnm,7930,6146,443,8156
vnm,7915,6347,443,606
vnm,7920,12174,443,6508
vnm,7923,6171,443,12726
vnm,7928,8673,443,12222
vnm,7931,8129,443,8732
vnm,7929,4835,443,11818
vnm,7874,4200,439,15637
vnm,7863,3141,439,10917
vnm,7861,1066,439,13256
vnm,7865,10064,439,12175
vnm,7867,13841,439,9817
vnm,7871,15849,439,5894
vnm,7869,20650,439,6867
vnm,7872,13656,439,4309
vnm,7870,13372,439,7407
vnm,7864,9201,439,13211
vnm,7873,19913,439,2089
vnm,7868,9256,439,7943
vnm,7860,4142,439,13991
vnm,7858,14698,439,2061
vnm,7859,16404,439,2942
vnm,7862,6266,439,12898
vnm,7866,7252,439,14866
vnm,7877,3953,440,14396
vnm,7881,9912,440,9988
vnm,7880,8823,440,7111
vnm,7882,15272,440,3907
vnm,7884,10482,440,9335
vnm,7879,8779,440,12887
vnm,7876,828,440,24586
vnm,7878,6610,440,2215
vnm,7883,10518,440,15856
vnm,7887,6632,440,6975
vnm,7886,15664,440,7716
vnm,7875,14518,440,3463
vnm,7885,3717,440,5985
vnm,7921,18599,436,338
vnm,7916,14415,436,154
vnm,7917,11367,436,175
vnm,7919,13121,436,793
vnm,7926,8445,436,6475
vnm,7924,9557,436,4165
vnm,7933,12277,436,3753
vnm,7918,6925,436,459
vnm,7925,11506,436,4784
vnm,7818,9024,435,77
vnm,7823,17017,435,252
vnm,7819,8542,435,29
vnm,7821,7540,435,42
vnm,7811,7993,435,1229
vnm,7822,9330,435,80
vnm,7820,11606,435,52
vnm,7810,27039,435,3949
vnm,7825,9015,435,566
vnm,7812,13773,435,1291
vnm,7814,23074,435,306
vnm,7813,21059,435,440
vnm,7815,17457,435,154
vnm,7817,8592,435,86
vnm,7824,7202,435,8780
vnm,7826,9100,435,689
vnm,7827,6743,435,6141
vnm,7816,9657,435,246
vnm,7935,9750,444,627
vnm,7934,7399,444,659
vnm,7936,9481,444,671
vnm,7889,5100,441,11052
vnm,7896,5765,441,4453
vnm,7898,6742,441,9254
vnm,7895,6638,441,4843
vnm,7894,6299,441,2522
vnm,7900,5559,441,15171
vnm,7897,12601,441,10976
vnm,7899,5603,441,18796
vnm,7893,7307,441,6612
vnm,7888,16424,441,4515
vnm,7892,2518,441,10347
vnm,7890,2696,441,6114
vnm,7891,8086,441,8834
vnm,7901,6272,441,26100
vnm,7838,3543,437,3206
vnm,7837,20869,437,2795
vnm,7836,6454,437,1915
vnm,7839,6699,437,1366
vnm,7828,29284,437,1114
vnm,7830,938,437,39323
vnm,7829,35071,437,263
vnm,7831,7339,437,14042
vnm,7834,8899,437,9352
vnm,7835,11462,437,1042
vnm,7832,7122,437,8401
vnm,7833,5971,437,6457
vnm,10748,26679,670,422
vnm,10744,20219,670,579
vnm,10749,11673,670,237
vnm,10750,21564,670,1652
vnm,10751,21825,670,1660
vnm,10747,11728,670,1319
vnm,10745,8871,670,533
vnm,10746,14765,670,483
vnm,10784,12939,674,915
vnm,10789,6747,674,1825
vnm,10790,4259,674,1807
vnm,10780,17062,674,11430
vnm,10791,5542,674,2225
vnm,10785,15754,674,7788
vnm,10792,6154,674,1889
vnm,10767,9991,674,1466
vnm,10782,20399,674,4152
vnm,10768,16907,674,2937
vnm,10755,6405,671,482
vnm,10753,18342,671,531
vnm,10754,14296,671,988
vnm,10752,18653,671,225
vnm,10757,20901,671,2185
vnm,10758,8609,671,842
vnm,10756,16903,671,1249
vnm,10736,34342,668,786
vnm,10728,15421,668,65
vnm,10729,6334,668,31
vnm,10725,30600,668,203
vnm,10735,52062,668,535
vnm,10731,10088,668,46
vnm,10727,6969,668,37
vnm,10732,10265,668,55
vnm,10724,21640,668,406
vnm,10734,42823,668,346
vnm,10730,5127,668,35
vnm,10726,11575,668,56
vnm,10733,29352,668,205
vnm,10737,21677,669,997
vnm,10740,13262,669,2102
vnm,10742,27454,669,2895
vnm,10741,24179,669,2397
vnm,10738,6946,669,817
vnm,10739,17662,669,2048
vnm,10743,16525,669,2490
vnm,10804,15230,675,2310
vnm,10807,11161,675,1158
vnm,10803,13757,675,1778
vnm,10808,16715,675,2440
vnm,10802,10684,675,886
vnm,10805,13294,675,2011
vnm,10806,16672,675,3587
vnm,10769,10223,672,1672
vnm,10763,29045,672,2013
vnm,10765,8976,672,851
vnm,10759,21372,672,596
vnm,10760,17080,672,870
vnm,10762,13811,672,734
vnm,10770,18767,672,1483
vnm,10766,23845,672,1498
vnm,10764,11201,672,1215
vnm,10797,9975,676,2803
vnm,10793,8279,676,3325
vnm,10794,8313,676,3537
vnm,10787,7522,676,1922
vnm,10783,9511,676,1061
vnm,10795,5758,676,2948
vnm,10786,10994,676,1735
vnm,10796,9481,676,1799
vnm,10798,10208,676,2279
vnm,10799,11209,676,3298
vnm,10800,5461,676,2166
vnm,10801,6189,676,2334
vnm,10788,5830,676,1568
vnm,10775,6999,673,5750
vnm,10781,11507,673,4167
vnm,10778,6624,673,5150
vnm,10773,7699,673,2545
vnm,10779,12286,673,4071
vnm,10777,4724,673,2748
vnm,10776,7625,673,2178
vnm,10771,9236,673,2113
vnm,10761,6704,673,2380
vnm,10772,5563,673,692
vnm,10774,18754,673,3273
vnm,11067,13335,703,2084
vnm,11072,8896,703,461
vnm,11074,8743,703,355
vnm,11073,9874,703,754
vnm,11071,20801,703,2281
vnm,11060,14212,703,345
vnm,11062,4494,703,25
vnm,11059,9884,703,162
vnm,11061,20160,703,207
vnm,11064,19065,703,780
vnm,11065,11958,703,200
vnm,11063,26924,703,479
vnm,11058,18327,703,610
vnm,11070,11296,703,186
vnm,11066,8536,703,791
vnm,11108,14175,707,726
vnm,11115,9106,707,374
vnm,11116,7598,707,220
vnm,11114,8153,707,839
vnm,11113,11539,707,1198
vnm,11110,11795,707,618
vnm,11111,15413,707,1255
vnm,11112,14388,707,1152
vnm,11117,16593,707,1318
vnm,11109,15755,707,704
vnm,11118,10709,707,837
vnm,11119,10242,708,332
vnm,11133,9612,708,391
vnm,11134,13084,708,4949
vnm,11131,10252,708,276
vnm,11130,10769,708,261
vnm,11120,10172,708,1089
vnm,11124,12191,708,1210
vnm,11128,6689,708,417
vnm,11127,14815,708,572
vnm,11125,15532,708,2452
vnm,11129,11702,708,4671
vnm,11123,10125,708,449
vnm,11132,10278,708,518
vnm,11122,13377,708,288
vnm,11138,6623,709,840
vnm,11136,5478,709,182
vnm,11140,5011,709,265
vnm,11137,4594,709,290
vnm,11139,6937,709,8299
vnm,11135,16106,709,662
vnm,11141,6808,709,6789
vnm,11142,4495,709,4985
vnm,11158,12788,711,9954
vnm,11156,11052,711,3182
vnm,11152,9056,711,7076
vnm,11157,5187,711,4599
vnm,11153,7533,711,6243
vnm,11155,10399,711,10355
vnm,11154,9905,711,8408
vnm,11143,13594,710,675
vnm,11145,9290,710,1112
vnm,11146,14129,710,1776
vnm,11144,9359,710,1383
vnm,11150,8899,710,863
vnm,11147,9687,710,1687
vnm,11149,10761,710,1225
vnm,11148,8071,710,623
vnm,11084,6533,705,1214
vnm,11088,10190,705,1541
vnm,11094,21207,705,1524
vnm,11085,8366,705,2116
vnm,11092,11037,705,1026
vnm,11091,9129,705,819
vnm,11093,6117,705,666
vnm,11090,16370,705,1642
vnm,11083,9735,705,544
vnm,11089,17897,705,1533
vnm,11087,6332,705,1263
vnm,11086,11614,705,691
vnm,11101,11305,706,3553
vnm,11103,19138,706,6783
vnm,11098,15540,706,6437
vnm,11097,15007,706,10119
vnm,11104,13349,706,6324
vnm,11102,18839,706,7368
vnm,11100,8712,706,2905
vnm,11105,12861,706,819
vnm,11106,13597,706,1160
vnm,11107,9286,706,481
vnm,11096,32364,706,703
vnm,11099,14925,706,11067
vnm,11095,10749,706,2383
vnm,11081,16495,704,13128
vnm,11082,10616,704,2988
vnm,11076,10036,704,2939
vnm,11080,13552,704,11300
vnm,11077,11706,704,16228
vnm,11078,12161,704,1799
vnm,11079,18265,704,10388
vnm,11075,6929,704,399
vnm,458,4610,30,1338
vnm,462,2899,30,8006
vnm,459,3359,30,10372
vnm,461,3421,30,9141
vnm,472,2909,30,7061
vnm,468,1095,30,5266
vnm,465,3328,30,5119
vnm,469,3233,30,4336
vnm,470,2686,30,5774
vnm,471,3994,30,9619
vnm,463,3038,30,7365
vnm,466,2865,30,5632
vnm,467,3067,30,6565
vnm,473,1890,30,5329
vnm,474,3127,30,6787
vnm,460,4316,30,7829
vnm,464,3969,30,10384
vnm,445,5771,29,11135
vnm,446,5861,29,14490
vnm,454,5343,29,5255
vnm,447,4205,29,10515
vnm,448,3008,29,5607
vnm,444,5641,29,6438
vnm,450,5839,29,12009
vnm,452,1893,29,2713
vnm,451,7335,29,9963
vnm,455,3429,29,5493
vnm,456,3000,29,5952
vnm,453,2692,29,8371
vnm,449,4804,29,7124
vnm,457,5484,29,9624
vnm,596,2102,28,3504
vnm,441,9432,28,1380
vnm,443,2614,28,1130
vnm,438,9190,28,81
vnm,442,4109,28,739
vnm,591,5294,28,1258
vnm,440,6849,28,825
vnm,437,8251,28,941
vnm,436,11049,28,1063
vnm,439,7647,28,525
vnm,587,3893,28,1753
vnm,542,1833,35,5019
vnm,546,1451,35,3829
vnm,538,1211,35,3477
vnm,539,1428,35,4735
vnm,540,1190,35,3751
vnm,536,2299,35,4464
vnm,535,1878,35,4910
vnm,541,1823,35,5419
vnm,537,1905,35,6425
vnm,548,1705,35,3464
vnm,547,1179,35,2159
vnm,543,3504,35,2013
vnm,545,1696,35,2770
vnm,544,1698,35,5451
vnm,491,1148,32,1669
vnm,503,1902,32,2095
vnm,504,856,32,2119
vnm,498,1436,32,2571
vnm,488,1245,32,2602
vnm,487,1301,32,3502
vnm,501,1238,32,2592
vnm,493,1816,32,4509
vnm,492,1379,32,2476
vnm,502,3044,32,2860
vnm,500,1317,32,3474
vnm,499,984,32,1925
vnm,495,2622,32,4022
vnm,494,2385,32,4053
vnm,496,2335,32,3709
vnm,489,1544,32,3682
vnm,497,1561,32,2608
vnm,490,963,32,2387
vnm,486,4413,32,4386
vnm,592,2166,38,7434
vnm,586,5973,38,2999
vnm,593,1262,38,4140
vnm,582,2824,38,2200
vnm,584,810,38,2015
vnm,578,1288,38,2589
vnm,579,5314,38,3740
vnm,577,538,38,2531
vnm,575,4892,38,7063
vnm,597,1151,38,4201
vnm,585,2552,38,1381
vnm,595,858,38,2453
vnm,588,3203,38,3104
vnm,594,1171,38,4696
vnm,576,4308,38,4622
vnm,580,2193,38,6990
vnm,583,1733,38,2580
vnm,574,3686,38,139
vnm,590,1643,38,3661
vnm,581,2331,38,4659
vnm,607,1086,39,2232
vnm,602,3362,39,10106
vnm,611,1465,39,7938
vnm,617,1192,39,5570
vnm,609,1536,39,3391
vnm,608,3099,39,6998
vnm,605,1279,39,2162
vnm,610,1363,39,2964
vnm,598,4122,39,2376
vnm,612,3130,39,10579
vnm,613,1638,39,7562
vnm,614,2616,39,6850
vnm,606,1381,39,3387
vnm,616,771,39,5993
vnm,603,1695,39,2842
vnm,615,2922,39,10305
vnm,599,2306,39,2718
vnm,601,1153,39,4314
vnm,604,1869,39,3597
vnm,600,1103,39,4229
vnm,569,2910,37,4278
vnm,570,2833,37,4854
vnm,572,5296,37,4650
vnm,573,2097,37,4958
vnm,566,3589,37,800
vnm,571,1404,37,4604
vnm,552,1626,36,2126
vnm,556,2078,36,4905
vnm,559,2408,36,3896
vnm,555,2027,36,2506
vnm,557,1307,36,2104
vnm,565,2568,36,3174
vnm,561,2199,36,2034
vnm,562,2284,36,3613
vnm,564,1674,36,3117
vnm,563,2570,36,3015
vnm,550,3108,36,6361
vnm,558,1758,36,1626
vnm,551,1524,36,3262
vnm,549,4611,36,120
vnm,553,1978,36,2355
vnm,554,1044,36,1757
vnm,560,2445,36,2577
vnm,619,2060,40,7773
vnm,630,1870,40,3965
vnm,623,1879,40,9015
vnm,633,1809,40,4150
vnm,631,696,40,2723
vnm,618,4471,40,1911
vnm,620,2748,40,6797
vnm,632,927,40,1958
vnm,629,2581,40,4213
vnm,621,1980,40,11151
vnm,627,1892,40,10698
vnm,622,734,40,2471
vnm,626,1043,40,4694
vnm,624,1110,40,3029
vnm,628,1815,40,9687
vnm,625,1548,40,2792
vnm,485,1541,31,3814
vnm,477,1977,31,3390
vnm,476,1717,31,2815
vnm,480,3408,31,6849
vnm,483,2045,31,3957
vnm,479,4594,31,9073
vnm,481,1706,31,4745
vnm,484,1284,31,2713
vnm,475,3121,31,1152
vnm,478,903,31,3043
vnm,482,1162,31,3789
vnm,513,3186,33,3594
vnm,505,4950,33,1939
vnm,512,942,33,2709
vnm,514,2015,33,3933
vnm,508,2382,33,2955
vnm,511,1606,33,3483
vnm,507,2191,33,3428
vnm,510,1334,33,3728
vnm,528,1774,34,1999
vnm,530,2987,34,3642
vnm,524,3950,34,5412
vnm,531,2878,34,2527
vnm,522,5146,34,5623
vnm,527,1346,34,1139
vnm,520,3041,34,4174
vnm,534,1719,34,2321
vnm,523,1754,34,2986
vnm,525,1637,34,1799
vnm,521,1134,34,2145
vnm,519,942,34,2641
vnm,517,2613,34,2719
vnm,516,2463,34,3470
vnm,526,1880,34,3117
vnm,518,1245,34,3550
vnm,533,1429,34,2693
vnm,515,5189,34,581
vnm,529,2896,34,3987
vnm,8308,7508,476,2175
vnm,8309,15450,476,3005
vnm,8305,3455,476,5362
vnm,8310,12049,476,7302
vnm,8306,8863,476,8996
vnm,8304,5326,476,130823
vnm,8307,10752,476,6400
vnm,8275,21325,472,5083
vnm,8278,18372,472,5359
vnm,8272,29612,472,1617
vnm,8276,16773,472,3397
vnm,8280,15962,472,3971
vnm,8279,16465,472,5717
vnm,8277,18200,472,3547
vnm,8274,13883,472,2005
vnm,8281,7369,472,2845
vnm,8273,25485,472,2580
vnm,8271,18734,472,641
vnm,8263,18267,472,1260
vnm,8262,13475,472,683
vnm,8261,25032,472,1212
vnm,8267,29017,472,1641
vnm,8269,18421,472,581
vnm,8270,18229,472,225
vnm,8266,6825,472,104
vnm,8264,4902,472,51
vnm,8268,13732,472,130
vnm,8265,18508,472,1328
vnm,8420,7568,486,3799
vnm,8427,9981,486,4832
vnm,8423,17096,486,4940
vnm,8424,8443,486,3031
vnm,8421,16693,486,5069
vnm,8419,10853,486,3084
vnm,8422,20974,486,5470
vnm,8428,8684,486,3456
vnm,8317,9712,477,6930
vnm,8323,8799,477,3798
vnm,8326,11042,477,4202
vnm,8327,11250,477,3498
vnm,8324,13638,477,8225
vnm,8318,11131,477,4961
vnm,8315,9968,477,10856
vnm,8320,7456,477,4738
vnm,8314,7850,477,13226
vnm,8321,7889,477,6874
vnm,8325,7968,477,2782
vnm,8311,15876,477,4625
vnm,8316,8515,477,4973
vnm,8319,11924,477,6661
vnm,8322,11303,477,6512
vnm,8312,15293,477,1245
vnm,8313,6209,477,3157
vnm,8287,5059,474,8769
vnm,8288,8044,474,9518
vnm,8282,19532,474,1922
vnm,8283,13899,474,40638
vnm,8289,12570,474,16251
vnm,8290,9321,474,8766
vnm,8293,11526,474,8897
vnm,8285,14663,474,8699
vnm,8284,14888,474,27832
vnm,8292,4716,474,11834
vnm,8286,11287,474,7232
vnm,8373,5880,480,10588
vnm,8372,7711,480,10046
vnm,8364,10473,480,3289
vnm,8368,16810,480,6673
vnm,8370,4435,480,7820
vnm,8366,12678,480,3299
vnm,8359,13790,480,2849
vnm,8367,11222,480,3462
vnm,8360,9957,480,3117
vnm,8371,10570,480,6098
vnm,8369,7547,480,4527
vnm,8362,8045,480,6563
vnm,8361,3428,480,38231
vnm,8365,8156,480,5021
vnm,8363,5548,480,2996
vnm,8301,11360,475,10398
vnm,8303,4782,475,31561
vnm,8302,3335,475,35341
vnm,8300,10433,475,15787
vnm,8297,8714,475,22085
vnm,8294,12699,475,1571
vnm,8296,3196,475,32563
vnm,8295,5640,475,22228
vnm,8299,5508,475,28199
vnm,8298,4236,475,8737
vnm,8430,3639,484,5130
vnm,8432,6818,484,6091
vnm,8418,22786,484,3323
vnm,8425,8980,484,5271
vnm,8431,6484,484,8134
vnm,8429,12531,484,5674
vnm,8426,11582,484,4202
vnm,8433,6145,484,2682
vnm,8400,9888,482,19298
vnm,8390,4458,482,3860
vnm,8398,13828,482,20473
vnm,8389,6584,482,3261
vnm,8396,5922,482,2879
vnm,8394,5458,482,11699
vnm,8393,8462,482,16767
vnm,8399,8177,482,6452
vnm,8392,2345,482,1723
vnm,8391,3236,482,3261
vnm,8397,5963,482,7203
vnm,8388,6638,482,662
vnm,8401,5021,482,48167
vnm,8395,5430,482,3320
vnm,8331,11508,478,7413
vnm,8329,14013,478,8496
vnm,8333,11649,478,8803
vnm,8338,3392,478,4289
vnm,8334,2950,478,7533
vnm,8335,17436,478,3724
vnm,8336,3200,478,2116
vnm,8357,5223,479,8960
vnm,8348,16096,479,9667
vnm,8354,8218,479,6219
vnm,8355,12265,479,4796
vnm,8353,4997,479,5096
vnm,8350,10502,479,10152
vnm,8358,10840,479,6459
vnm,8349,12831,479,4605
vnm,8347,12536,479,3002
vnm,8351,10340,479,4013
vnm,8356,15141,479,5222
vnm,8352,6253,479,4110
vnm,8412,5327,483,1439
vnm,8405,11726,483,5268
vnm,8404,17366,483,6135
vnm,8407,12323,483,3219
vnm,8410,9909,483,3279
vnm,8406,21125,483,5027
vnm,8416,6015,483,3696
vnm,8417,6028,483,2816
vnm,8408,17103,483,6583
vnm,8409,10871,483,2797
vnm,8411,11110,483,5756
vnm,8413,6538,483,2566
vnm,8403,13664,483,5946
vnm,8402,17579,483,1214
vnm,8414,10895,483,3915
vnm,8415,15339,483,12759
vnm,8436,6990,485,38079
vnm,8438,6576,485,8453
vnm,8439,3096,485,3388
vnm,8437,9636,485,3528
vnm,8441,6665,485,15043
vnm,8440,7047,485,16794
vnm,8444,3030,485,8851
vnm,8442,9003,485,32417
vnm,8434,6293,485,887
vnm,8443,2484,485,10576
vnm,8435,8471,485,7700
vnm,8384,4162,481,24767
vnm,8383,6452,481,6197
vnm,8376,5026,481,13901
vnm,8386,9117,481,24729
vnm,8379,2855,481,6183
vnm,8378,2656,481,8460
vnm,8381,3886,481,9401
vnm,8377,6458,481,9831
vnm,8382,5494,481,4023
vnm,8387,5686,481,20282
vnm,8385,3563,481,9635
vnm,8380,10199,481,8887
vnm,8375,5757,481,722
vnm,8330,10065,473,1023
vnm,8328,9391,473,697
vnm,8343,6408,473,2744
vnm,8345,11518,473,4901
vnm,8346,11520,473,4971
vnm,8337,7764,473,1322
vnm,8339,3330,473,1765
vnm,8340,2939,473,3495
vnm,8341,11266,473,5731
vnm,8344,6376,473,3945
vnm,8342,11844,473,2035
vnm,8332,5421,473,1021
vnm,8466,8170,489,3330
vnm,8464,14144,489,6962
vnm,8461,9134,489,50628
vnm,8462,11053,489,10682
vnm,8460,16607,489,2561
vnm,8463,14870,489,4658
vnm,8465,13570,489,2425
vnm,8467,3132,489,3324
vnm,8471,7542,490,9045
vnm,8469,7555,490,30041
vnm,8468,11044,490,616
vnm,8473,7226,490,5729
vnm,8470,10555,490,11260
vnm,8475,14659,490,3663
vnm,8472,13268,490,5671
vnm,8477,14129,490,4009
vnm,8474,1508,490,3531
vnm,8476,11179,490,7092
vnm,8511,4532,493,6958
vnm,8514,8941,493,7913
vnm,8512,6994,493,11395
vnm,8507,8670,493,5299
vnm,8513,3382,493,10216
vnm,8499,10505,493,1549
vnm,8509,6768,493,5346
vnm,8510,7766,493,5303
vnm,8508,10996,493,4970
vnm,8515,4294,493,7544
vnm,8504,9761,493,6167
vnm,8492,3752,492,13748
vnm,8491,7267,492,9055
vnm,8496,12036,492,7803
vnm,8490,6472,492,1647
vnm,8493,10056,492,9566
vnm,8497,10850,492,19302
vnm,8495,9546,492,8393
vnm,8494,7056,492,6583
vnm,8498,12684,492,18715
vnm,8454,9553,488,18047
vnm,8458,3064,488,25978
vnm,8455,8815,488,23287
vnm,8459,9657,488,6874
vnm,8453,6691,488,10446
vnm,8457,11841,488,25596
vnm,8449,17578,488,56554
vnm,8456,10276,487,10626
vnm,8451,5270,487,4789
vnm,8445,6543,487,1768
vnm,8447,5451,487,1137
vnm,8448,8121,487,1894
vnm,8446,9755,487,259
vnm,8450,10356,487,1328
vnm,8452,5638,487,9176
vnm,8481,2190,491,5458
vnm,8484,8176,491,5948
vnm,8478,7114,491,3308
vnm,8487,3948,491,4732
vnm,8479,4353,491,3343
vnm,8486,3179,491,12035
vnm,8482,10968,491,6652
vnm,8489,8707,491,13828
vnm,8485,7671,491,12479
vnm,8480,6595,491,3552
vnm,8488,7092,491,12874
vnm,8483,3681,491,10073
vnm,8501,11149,494,9882
vnm,8505,11819,494,19605
vnm,8503,10350,494,13166
vnm,8502,5254,494,8492
vnm,8506,13384,494,15217
vnm,8500,8676,494,66565
vnm,8979,54931,536,1102
vnm,9086,23923,536,934
vnm,8980,21250,536,370
vnm,8966,27554,536,476
vnm,8978,18187,536,140
vnm,8963,41717,536,467
vnm,8984,15583,536,528
vnm,8985,35261,536,582
vnm,8975,7205,536,33
vnm,8969,123848,536,4011
vnm,8981,58785,536,1146
vnm,9089,6396,536,897
vnm,9088,62755,536,4740
vnm,8970,17053,536,131
vnm,8976,13274,536,104
vnm,8968,36389,536,245
vnm,8974,17008,536,145
vnm,9087,65477,536,4987
vnm,8962,44896,536,700
vnm,8983,11563,536,504
vnm,8965,32965,536,418
vnm,8964,42187,536,483
vnm,8971,23198,536,149
vnm,8961,54904,536,1970
vnm,8967,14464,536,153
vnm,8982,15194,536,326
vnm,8972,25101,536,332
vnm,8977,3984,536,31
vnm,8960,111365,536,1682
vnm,8973,15606,536,96
vnm,9079,15108,543,4262
vnm,9084,8856,543,3473
vnm,9076,6156,543,4026
vnm,9074,6457,543,1974
vnm,9072,8208,543,5699
vnm,9083,14972,543,3903
vnm,9078,7466,543,3385
vnm,9080,8198,543,2472
vnm,9082,18502,543,5911
vnm,9075,5959,543,4408
vnm,9077,10411,543,3317
vnm,9073,8589,543,5572
vnm,9081,18700,543,6403
vnm,9031,19053,540,1243
vnm,9039,16046,540,20118
vnm,9038,14928,540,4921
vnm,9037,7802,540,4543
vnm,9041,15287,540,1219
vnm,9036,5101,540,1814
vnm,9035,9944,540,3101
vnm,9040,16891,540,7369
vnm,9033,8833,540,5244
vnm,9043,12417,540,3334
vnm,9034,11016,540,2833
vnm,9044,15639,540,3912
vnm,9032,21583,540,31881
vnm,9042,11300,540,5574
vnm,8993,11203,537,4181
vnm,8995,17782,537,1893
vnm,8997,6192,537,1479
vnm,8998,8561,537,1411
vnm,8992,8731,537,2577
vnm,9000,11746,537,3969
vnm,8991,5001,537,293
vnm,8994,12747,537,2947
vnm,8989,13263,537,145
vnm,8988,7078,537,140
vnm,8990,8774,537,278
vnm,8996,9690,537,1924
vnm,8999,9271,537,1256
vnm,8987,9830,537,153
vnm,8986,10108,537,117
vnm,9090,35735,544,3756
vnm,9099,14080,544,5317
vnm,9091,7766,544,3479
vnm,9094,12441,544,5394
vnm,9096,8430,544,2174
vnm,9093,8387,544,2214
vnm,9097,16829,544,3969
vnm,9092,11785,544,3603
vnm,9100,22424,544,4232
vnm,9085,29573,544,1060
vnm,9101,14360,544,4344
vnm,9103,26494,544,1718
vnm,9098,4858,544,1704
vnm,9095,18650,544,2387
vnm,9102,11626,544,3696
vnm,9121,11503,546,1148
vnm,9122,57326,546,2071
vnm,9120,10520,546,3330
vnm,9127,28504,546,2375
vnm,9126,14959,546,2026
vnm,9124,22575,546,2196
vnm,9123,15218,546,1537
vnm,9125,11806,546,2210
vnm,9130,11901,546,8242
vnm,9129,13270,546,3598
vnm,9119,40246,546,1853
vnm,9128,21264,546,3522
vnm,9002,5614,538,48502
vnm,9003,5053,538,2514
vnm,9005,4815,538,2571
vnm,9004,4501,538,6260
vnm,9015,10886,538,1829
vnm,9018,6445,538,2018
vnm,9007,6252,538,1743
vnm,9013,8251,538,3688
vnm,9014,13175,538,718
vnm,9008,8569,538,1702
vnm,9009,8445,538,3061
vnm,9016,12827,538,2796
vnm,9011,7592,538,1912
vnm,9012,12098,538,2564
vnm,9006,6738,538,3087
vnm,9001,17050,538,975
vnm,9010,6104,538,1360
vnm,9017,7405,538,1859
vnm,9067,19086,542,2407
vnm,9065,23997,542,3931
vnm,9062,15196,542,1683
vnm,9063,14928,542,1723
vnm,9064,21267,542,2202
vnm,9068,10706,542,2447
vnm,9069,11501,542,2322
vnm,9066,22583,542,4457
vnm,9071,13147,542,3770
vnm,9070,10512,542,3725
vnm,9061,8940,541,2680
vnm,9052,73083,541,2452
vnm,9048,8928,541,2711
vnm,9055,23002,541,1288
vnm,9047,10930,541,2027
vnm,9057,14855,541,2998
vnm,9051,11574,541,1344
vnm,9060,7647,541,1084
vnm,9053,49728,541,2219
vnm,9058,9602,541,2051
vnm,9059,16410,541,870
vnm,9049,11199,541,3181
vnm,9050,37554,541,5090
vnm,9054,15754,541,1703
vnm,9046,12426,541,2986
vnm,9045,24169,541,1074
vnm,9056,11722,541,1715
vnm,9028,6999,539,651
vnm,9024,7809,539,1556
vnm,9030,3779,539,23492
vnm,9029,7091,539,35347
vnm,9020,10992,539,32394
vnm,9022,12093,539,5769
vnm,9027,12432,539,1209
vnm,9025,39804,539,1577
vnm,9026,10737,539,2286
vnm,9021,4074,539,2035
vnm,9019,25761,539,3304
vnm,9023,21287,539,3148
vnm,9117,11235,545,2121
vnm,9104,16497,545,1623
vnm,9118,7793,545,1978
vnm,9106,8909,545,6310
vnm,9113,12099,545,2044
vnm,9105,17901,545,7447
vnm,9116,8273,545,1546
vnm,9114,15852,545,2848
vnm,9110,11611,545,10310
vnm,9111,25313,545,12201
vnm,9115,16633,545,4549
vnm,9112,26497,545,13957
vnm,9108,17664,545,4474
vnm,9107,9572,545,8180
vnm,9109,18320,545,5556
vnm,10365,9425,637,939
vnm,10358,13204,637,7394
vnm,10371,9572,637,1608
vnm,10369,11071,637,2107
vnm,10372,19444,637,2283
vnm,10356,6969,637,6304
vnm,10366,10174,637,1948
vnm,10367,11343,637,2608
vnm,10368,10744,637,2602
vnm,10355,13653,637,912
vnm,10363,8500,637,2851
vnm,10370,7228,637,715
vnm,10362,10653,637,2814
vnm,10359,18806,637,3207
vnm,10357,7839,637,5408
vnm,10361,8211,637,1630
vnm,10364,9834,637,4504
vnm,10360,9420,637,2732
vnm,10291,15197,630,1197
vnm,10290,7302,630,264
vnm,10285,4535,630,727
vnm,10288,10300,630,286
vnm,10286,14616,630,1209
vnm,10287,8035,630,813
vnm,10280,9317,630,195
vnm,10279,11362,630,685
vnm,10281,7716,630,55
vnm,10283,10182,630,329
vnm,10282,9516,630,214
vnm,10284,20163,630,899
vnm,10293,12785,630,1542
vnm,10292,9464,630,1035
vnm,10289,11241,630,792
vnm,10412,9961,641,847
vnm,10420,13045,641,3662
vnm,10413,11988,641,1764
vnm,10418,10789,641,2361
vnm,10411,10791,641,489
vnm,10422,12169,641,4152
vnm,10419,8000,641,1279
vnm,10417,10577,641,2427
vnm,10415,15680,641,1816
vnm,10414,17889,641,2789
vnm,10421,5997,641,1869
vnm,10416,18689,641,3419
vnm,10323,13580,634,1503
vnm,10324,9179,634,614
vnm,10327,14378,634,1796
vnm,10329,13212,634,2033
vnm,10328,14098,634,1714
vnm,10321,2615,634,834
vnm,10314,16421,634,3410
vnm,10320,9789,634,1404
vnm,10316,6669,634,1475
vnm,10318,7195,634,1461
vnm,10319,12715,634,3111
vnm,10326,12269,632,2780
vnm,10325,5162,632,2015
vnm,10313,24074,632,407
vnm,10315,9577,632,4701
vnm,10317,6636,632,1007
vnm,10398,17603,639,3553
vnm,10394,15591,639,2075
vnm,10395,18377,639,1730
vnm,10396,17471,639,1831
vnm,10397,8691,639,1457
vnm,10386,10174,639,489
vnm,10391,11471,639,2071
vnm,10393,13045,639,2456
vnm,10387,8165,639,1122
vnm,10389,14700,639,2492
vnm,10388,11476,639,1836
vnm,10392,16540,639,3428
vnm,10409,9371,640,1792
vnm,10404,11353,640,2101
vnm,10401,8381,640,2144
vnm,10399,10837,640,860
vnm,10402,21032,640,2792
vnm,10406,13891,640,3647
vnm,10410,18884,640,3443
vnm,10400,11148,640,1759
vnm,10408,14037,640,1848
vnm,10403,12380,640,1922
vnm,10405,16276,640,1651
vnm,10407,15343,640,2039
vnm,10300,13064,631,735
vnm,10295,15563,631,224
vnm,10297,14041,631,142
vnm,10294,7450,631,50
vnm,10296,4177,631,18
vnm,10298,17949,631,1963
vnm,10302,19201,631,1303
vnm,10299,8565,631,573
vnm,10301,5157,631,595
vnm,10336,9034,635,2665
vnm,10337,13158,635,1935
vnm,10331,4763,635,2621
vnm,10338,9908,635,6806
vnm,10334,6922,635,5996
vnm,10333,7496,635,5426
vnm,10339,7056,635,1505
vnm,10340,10053,635,6723
vnm,10341,10039,635,2333
vnm,10335,4293,635,5389
vnm,10332,5766,635,8412
vnm,10330,10597,635,1110
vnm,10311,5346,633,2468
vnm,10306,9074,633,4406
vnm,10303,8891,633,842
vnm,10310,8328,633,5142
vnm,10304,9816,633,4933
vnm,10309,10049,633,4319
vnm,10307,7894,633,3869
vnm,10308,5600,633,3425
vnm,10305,9689,633,3009
vnm,10376,13709,638,3794
vnm,10379,4679,638,3715
vnm,10384,19239,638,4271
vnm,10377,5612,638,4058
vnm,10381,7041,638,1275
vnm,10375,7614,638,1604
vnm,10380,11186,638,2273
vnm,10385,8376,638,1517
vnm,10378,8283,638,5407
vnm,10383,7764,638,2584
vnm,10374,12089,638,1726
vnm,10382,16367,638,2803
vnm,10373,11731,638,756
vnm,10350,11577,636,3869
vnm,10344,7930,636,5396
vnm,10353,4316,636,2980
vnm,10349,7419,636,3124
vnm,10347,10237,636,4325
vnm,10348,14761,636,7336
vnm,10352,12425,636,5255
vnm,10346,8807,636,4677
vnm,10343,4508,636,6468
vnm,10354,12706,636,5463
vnm,10345,9435,636,7487
vnm,6898,31989,366,359
vnm,6897,18390,366,717
vnm,6901,24611,366,270
vnm,6900,15459,366,910
vnm,6902,34172,366,935
vnm,6881,31426,366,303
vnm,6877,11211,363,41
vnm,6878,12842,363,55
vnm,6872,10461,363,45
vnm,6879,30501,363,314
vnm,6880,25158,363,189
vnm,6875,13836,363,103
vnm,6874,14777,363,996
vnm,6876,7388,363,28
vnm,6873,8103,363,46
vnm,6870,13963,363,99
vnm,6868,20260,363,172
vnm,6869,18116,363,106
vnm,6893,4141,367,41462
vnm,6905,18981,367,1113
vnm,6908,12967,367,5916
vnm,6894,15538,367,4290
vnm,6899,15734,367,3848
vnm,6895,5519,367,12601
vnm,6904,16971,367,2037
vnm,6903,4900,367,10731
vnm,6907,13750,367,795
vnm,6896,16985,367,2903
vnm,6906,18543,367,1619
vnm,6853,15150,361,5143
vnm,6854,22110,361,757
vnm,6855,53814,361,1218
vnm,6856,42530,361,1181
vnm,6857,58920,361,898
vnm,6892,26806,365,1553
vnm,6891,19241,365,1490
vnm,6890,18013,365,578
vnm,6889,24343,365,334
vnm,6885,28498,364,355
vnm,6888,16419,364,101
vnm,6887,11507,364,105
vnm,6884,18280,364,124
vnm,6883,30911,364,284
vnm,6886,14054,364,204
vnm,6882,33118,364,5354
vnm,6866,27617,362,292
vnm,6863,20059,362,89
vnm,6867,21235,362,95
vnm,6858,16499,362,70
vnm,6862,12473,362,44
vnm,6865,15623,362,65
vnm,6860,13621,362,89
vnm,6859,21124,362,117
vnm,6864,15386,362,60
vnm,6861,17926,362,88
vnm,1176,2712,71,9033
vnm,1161,3627,71,8918
vnm,1180,2336,71,21605
vnm,1178,4288,71,14124
vnm,1159,4715,71,15412
vnm,1162,4833,71,5121
vnm,1158,4852,71,9995
vnm,1157,6025,71,8881
vnm,1179,4577,71,20213
vnm,1177,1667,71,13965
vnm,1172,7092,71,1610
vnm,1171,5189,71,2517
vnm,1175,3572,71,6302
vnm,1163,4330,71,5842
vnm,1168,1195,71,10699
vnm,1181,2237,71,19419
vnm,1174,5231,71,6240
vnm,1173,4771,71,2069
vnm,1169,6485,71,2426
vnm,1167,4889,71,2692
vnm,1165,6627,71,2503
vnm,1164,7127,71,4290
vnm,1160,3817,71,3285
vnm,1166,8032,71,2361
vnm,1170,7033,71,2428
vnm,1114,5710,72,7743
vnm,1111,3272,72,2532
vnm,1190,2705,72,8270
vnm,1185,6729,72,17406
vnm,1186,5260,72,7930
vnm,1115,4230,72,7689
vnm,1112,3837,72,8924
vnm,1183,3324,72,9199
vnm,1113,7059,72,15631
vnm,1187,3915,72,13058
vnm,1188,5067,72,15152
vnm,1182,5079,72,13097
vnm,1189,3441,72,12076
vnm,1184,6352,72,11331
vnm,1062,9938,65,688
vnm,1065,10022,65,149
vnm,1066,7539,65,609
vnm,1061,5638,65,382
vnm,1068,1154,65,1944
vnm,1064,8552,65,208
vnm,1063,4542,65,96
vnm,1069,2016,65,3062
vnm,1067,6015,65,714
vnm,1154,7278,73,6845
vnm,1153,3890,73,3078
vnm,1146,5975,73,7553
vnm,1150,5993,73,5975
vnm,1129,5196,73,843
vnm,1143,3994,73,8230
vnm,1156,4237,73,5131
vnm,1155,2903,73,4489
vnm,1144,3172,73,6066
vnm,1151,5148,73,7518
vnm,1100,3849,68,15790
vnm,1104,3018,68,13673
vnm,1101,3769,68,14296
vnm,1108,4470,68,16969
vnm,1090,3980,68,2877
vnm,1110,4342,68,16552
vnm,1097,4501,68,21460
vnm,1103,2849,68,4219
vnm,1109,4924,68,14591
vnm,1102,2902,68,3916
vnm,1105,3436,68,10674
vnm,1096,5313,68,13039
vnm,1075,5628,67,26232
vnm,1095,2424,67,13386
vnm,1076,3021,67,22765
vnm,1078,10913,67,27181
vnm,1081,6435,67,15727
vnm,1080,4920,67,18951
vnm,1079,3574,67,7817
vnm,1077,2835,67,8659
vnm,1082,2906,67,13285
vnm,1073,1024,67,22006
vnm,1072,1335,67,19898
vnm,1084,2663,74,13216
vnm,1099,2836,74,12377
vnm,1093,2694,74,15471
vnm,1091,2584,74,8757
vnm,1092,1933,74,13024
vnm,1089,3197,74,7843
vnm,1074,3728,74,11224
vnm,1088,5002,74,9932
vnm,1085,5964,74,15702
vnm,1087,4587,74,10464
vnm,1086,3491,74,7775
vnm,1083,2858,74,20785
vnm,1106,3588,74,14562
vnm,1107,5701,74,15958
vnm,1094,3330,74,10407
vnm,1117,2816,69,6402
vnm,1120,2521,69,6161
vnm,1127,9661,69,8529
vnm,1126,3865,69,4718
vnm,1125,6878,69,7614
vnm,1124,6276,69,8801
vnm,1121,3635,69,6370
vnm,1119,3982,69,6190
vnm,1116,3720,69,303
vnm,1122,5433,69,10545
vnm,1123,3323,69,6637
vnm,1118,4801,69,11087
vnm,1098,5039,66,7582
vnm,1071,4969,66,2966
vnm,1070,947,66,3270
vnm,1149,5617,70,3523
vnm,1148,5013,70,3618
vnm,1142,3390,70,15052
vnm,1135,5513,70,10811
vnm,1139,2648,70,7703
vnm,1132,3942,70,4378
vnm,1141,2823,70,2324
vnm,1133,2698,70,5607
vnm,1130,5765,70,11529
vnm,1137,3450,70,8143
vnm,1136,3315,70,15336
vnm,1145,8232,70,4879
vnm,1138,6195,70,6532
vnm,1147,9193,70,7502
vnm,1131,3582,70,4334
vnm,1140,2293,70,8175
vnm,1134,3739,70,13449
vnm,1152,1573,70,7177
vnm,1128,7787,70,2151
vnm,8062,8147,456,1119
vnm,8064,12828,456,528
vnm,8069,3265,456,999
vnm,8065,4174,456,441
vnm,8068,3402,456,3442
vnm,8071,5057,456,1194
vnm,8070,4510,456,5349
vnm,8063,10935,456,331
vnm,8072,4742,456,2482
vnm,8066,5080,456,4096
vnm,8067,3386,456,3099
vnm,8229,4159,457,400
vnm,8243,4947,457,8483
vnm,8232,7475,457,451
vnm,8230,4419,457,669
vnm,8242,4620,457,9993
vnm,8245,3381,457,4576
vnm,8246,4503,457,8976
vnm,8233,6156,457,443
vnm,8113,2521,460,5064
vnm,8117,1119,460,1398
vnm,8111,2373,460,4469
vnm,8105,5007,460,26525
vnm,8112,6299,460,6809
vnm,8114,7542,460,13482
vnm,8106,7257,460,11301
vnm,8110,1847,460,12263
vnm,8108,6287,460,3855
vnm,8109,4002,460,6685
vnm,8115,6298,460,4027
vnm,8107,6844,460,8262
vnm,8116,4563,460,2706
vnm,8118,9258,460,4591
vnm,8104,5814,460,3088
vnm,8173,5806,465,3919
vnm,8170,6352,465,4992
vnm,8168,10646,465,2327
vnm,8175,6058,465,4720
vnm,8182,4410,465,4846
vnm,8177,6657,465,6277
vnm,8171,8612,465,4917
vnm,8184,5218,465,14716
vnm,8169,2877,465,2704
vnm,8185,9605,465,14106
vnm,8180,6236,465,12969
vnm,8187,2863,465,50666
vnm,8178,3822,465,4335
vnm,8174,6176,465,4959
vnm,8183,6065,465,5189
vnm,8186,10276,465,11432
vnm,8179,3957,465,32010
vnm,8176,4598,465,2722
vnm,8181,6552,465,8452
vnm,8172,6376,465,4592
vnm,8208,3806,471,4167
vnm,8211,7538,471,23289
vnm,8205,7371,471,2702
vnm,8207,5890,471,15718
vnm,8203,9405,471,4333
vnm,8210,13041,471,14837
vnm,8209,11009,471,15250
vnm,8204,6888,471,3233
vnm,8189,12320,471,2630
vnm,8195,6122,466,3193
vnm,8197,3793,466,5931
vnm,8193,7336,466,4452
vnm,8192,6132,466,5749
vnm,8191,4885,466,4709
vnm,8188,28712,466,3321
vnm,8200,4613,466,2363
vnm,8202,8007,466,16068
vnm,8199,9679,466,2439
vnm,8194,5638,466,4207
vnm,8198,9593,466,5173
vnm,8206,5883,466,4561
vnm,8201,5841,466,2751
vnm,8190,9194,466,5448
vnm,8196,6013,466,3729
vnm,8158,12643,464,1826
vnm,8161,7260,464,5285
vnm,8159,8509,464,6064
vnm,8163,8156,464,17175
vnm,8162,7636,464,5916
vnm,8160,8376,464,6452
vnm,8165,5928,464,13117
vnm,8164,4331,464,5992
vnm,8167,7833,464,10690
vnm,8166,4722,464,13658
vnm,8099,6641,459,2534
vnm,8087,16553,459,647
vnm,8090,5664,459,3898
vnm,8089,6609,459,17489
vnm,8098,10123,459,5301
vnm,8091,4254,459,8413
vnm,8093,7834,459,5731
vnm,8088,5216,459,23549
vnm,8101,4435,459,5460
vnm,8103,12623,459,6357
vnm,8102,7911,459,4946
vnm,8095,10414,459,9168
vnm,8092,4029,459,10643
vnm,8094,7091,459,1831
vnm,8097,4695,459,2600
vnm,8100,5881,459,6914
vnm,8213,2775,467,5148
vnm,8216,5890,467,4458
vnm,8214,5021,467,2630
vnm,8212,3468,467,11563
vnm,8218,4995,467,4414
vnm,8217,10919,467,3085
vnm,8219,2847,467,21525
vnm,8215,4363,467,7283
vnm,8123,5272,461,13047
vnm,8130,8448,461,20952
vnm,8129,11335,461,7323
vnm,8126,4252,461,9162
vnm,8122,5227,461,5097
vnm,8119,11408,461,7119
vnm,8124,4668,461,18474
vnm,8125,10010,461,7260
vnm,8128,11132,461,14244
vnm,8131,5259,461,9949
vnm,8120,8753,461,4312
vnm,8127,11697,461,9390
vnm,8121,7789,461,3120
vnm,8224,6622,468,21360
vnm,8221,4292,468,5222
vnm,8227,3868,468,3093
vnm,8222,4042,468,13372
vnm,8226,11874,468,3637
vnm,8228,9181,468,2446
vnm,8225,3174,468,31825
vnm,8223,5395,468,5709
vnm,8220,7976,468,16103
vnm,8086,2572,458,2291
vnm,8075,3837,458,40513
vnm,8081,1347,458,15050
vnm,8080,5353,458,4389
vnm,8073,15866,458,2107
vnm,8074,1556,458,20765
vnm,8084,4293,458,4586
vnm,8085,3156,458,4865
vnm,8077,5453,458,37508
vnm,8079,3027,458,16596
vnm,8082,3663,458,4170
vnm,8078,5305,458,13681
vnm,8076,3992,458,39725
vnm,8083,5655,458,12395
vnm,8146,5398,463,10493
vnm,8156,4435,463,16796
vnm,8145,3232,463,13010
vnm,8150,2940,463,16339
vnm,8152,1989,463,21570
vnm,8154,2310,463,6716
vnm,8151,2236,463,18021
vnm,8148,1489,463,9349
vnm,8144,10331,463,2946
vnm,8147,3776,463,6319
vnm,8149,4128,463,24681
vnm,8155,2126,463,5144
vnm,8157,5544,463,15259
vnm,8153,2304,463,5253
vnm,8253,6992,469,18210
vnm,8250,7292,469,8391
vnm,8257,5327,469,8462
vnm,8259,6681,469,24467
vnm,8251,4476,469,14695
vnm,8255,5158,469,15541
vnm,8252,4211,469,12944
vnm,8256,6286,469,17494
vnm,8248,5627,469,23269
vnm,8249,7417,469,12603
vnm,8260,3619,469,11274
vnm,8254,6358,469,2782
vnm,8247,11860,469,2483
vnm,8258,4811,469,17508
vnm,8133,8041,462,10776
vnm,8138,5911,462,6046
vnm,8134,2751,462,13157
vnm,8135,3600,462,6201
vnm,8143,2726,462,8839
vnm,8137,4618,462,4416
vnm,8141,4268,462,10680
vnm,8142,6150,462,23974
vnm,8132,10019,462,2038
vnm,8140,6140,462,7283
vnm,8139,5224,462,19900
vnm,8235,5488,470,2847
vnm,8240,4680,470,2344
vnm,8234,4857,470,8226
vnm,8236,7338,470,4022
vnm,8241,7832,470,7927
vnm,8239,5152,470,2172
vnm,8238,8255,470,11331
vnm,8237,9269,470,14251
vnm,8244,5406,470,4335
vnm,8231,20068,470,1560
vnm,8058,11045,455,1290
vnm,8054,8607,455,2058
vnm,8052,8209,455,1578
vnm,8057,10212,455,1732
vnm,8053,2725,455,1251
vnm,8048,7502,455,394
vnm,8040,10268,455,172
vnm,8059,4170,455,1999
vnm,8061,4583,455,6960
vnm,8043,11748,455,530
vnm,8042,9101,455,90
vnm,8045,16231,455,623
vnm,8060,4224,455,4088
vnm,8041,17605,455,848
vnm,8044,17022,455,528
vnm,8055,5548,455,879
vnm,8046,8656,455,179
vnm,8050,13885,455,780
vnm,8047,11176,455,815
vnm,8049,15365,455,546
vnm,8056,5320,455,1618
vnm,8039,16875,455,209
vnm,8051,19462,455,1507
vnm,3757,4319,211,527
vnm,3764,11050,211,1053
vnm,3758,6978,211,894
vnm,3750,5464,211,767
vnm,3748,2891,211,230
vnm,3747,4859,211,62
vnm,3753,6893,211,608
vnm,3761,7029,211,782
vnm,3756,6045,211,868
vnm,3754,6631,211,759
vnm,3762,5577,211,848
vnm,3759,9833,211,753
vnm,3763,6982,211,929
vnm,3755,7188,211,974
vnm,3751,5373,211,290
vnm,3752,9432,211,1060
vnm,3749,4413,211,476
vnm,3738,6971,210,804
vnm,3744,5258,210,463
vnm,3746,4669,210,439
vnm,3745,7709,210,730
vnm,3728,2189,210,61
vnm,3731,7970,210,927
vnm,3730,6686,210,733
vnm,3743,11850,210,592
vnm,3737,2559,210,210
vnm,3732,8411,210,673
vnm,3735,8162,210,596
vnm,3741,8281,210,697
vnm,3736,7354,210,819
vnm,3739,6151,210,598
vnm,3729,14278,210,917
vnm,3740,12053,210,1128
vnm,3733,8998,210,833
vnm,3742,13049,210,1013
vnm,3734,4147,210,557
vnm,3631,5482,205,1231
vnm,3619,5419,205,3447
vnm,3617,5521,205,2466
vnm,3625,6306,205,886
vnm,3623,16489,205,3233
vnm,3627,11488,205,1404
vnm,3632,7607,205,1101
vnm,3618,3041,205,3471
vnm,3624,7191,205,1161
vnm,3622,6809,205,1792
vnm,3620,5812,205,1163
vnm,3621,10096,205,3149
vnm,3630,3757,205,404
vnm,3615,18206,205,1430
vnm,3616,21339,205,570
vnm,3633,8113,205,1055
vnm,3629,6711,205,940
vnm,3626,10097,205,1684
vnm,3628,8967,205,1729
vnm,3787,6085,212,529
vnm,3789,5295,212,618
vnm,3784,5831,212,558
vnm,3773,5526,212,481
vnm,3777,6064,212,579
vnm,3765,14223,212,670
vnm,3778,5292,212,399
vnm,3775,5206,212,428
vnm,3771,8371,212,581
vnm,3782,7481,212,624
vnm,3781,7823,212,954
vnm,3779,6650,212,709
vnm,3767,10125,212,1047
vnm,3788,4356,212,425
vnm,3783,5853,212,593
vnm,3774,3146,212,256
vnm,3786,5539,212,483
vnm,3776,4268,212,334
vnm,3785,6605,212,541
vnm,3768,9065,212,708
vnm,3780,6713,212,618
vnm,3770,2850,212,251
vnm,3772,7335,212,516
vnm,3652,12335,204,1029
vnm,3653,4402,204,442
vnm,3601,19149,204,203
vnm,3600,10666,204,255
vnm,3612,19395,204,334
vnm,3611,7995,204,80
vnm,3656,10029,204,840
vnm,3602,16554,204,291
vnm,3605,8028,204,69
vnm,3603,8029,204,240
vnm,3606,11023,204,86
vnm,3604,11221,204,80
vnm,3613,15987,204,850
vnm,3610,18208,204,345
vnm,3769,8195,204,631
vnm,3766,10428,204,586
vnm,3609,22055,204,293
vnm,3655,2907,204,256
vnm,3607,4531,204,37
vnm,3608,5976,204,49
vnm,3614,9918,204,714
vnm,3698,4738,208,485
vnm,3697,3673,208,332
vnm,3686,6084,208,484
vnm,3684,5993,208,414
vnm,3702,8600,208,826
vnm,3700,6150,208,506
vnm,3692,6918,208,556
vnm,3696,7409,208,791
vnm,3695,3461,208,327
vnm,3693,7927,208,539
vnm,3694,9011,208,851
vnm,3689,9534,208,967
vnm,3683,6165,208,526
vnm,3701,6463,208,849
vnm,3691,7632,208,804
vnm,3682,6056,208,237
vnm,3690,4413,208,388
vnm,3699,5887,208,575
vnm,3685,6403,208,581
vnm,3688,8662,208,844
vnm,3687,3600,208,446
vnm,3676,9534,207,956
vnm,3673,5701,207,672
vnm,3658,5422,207,806
vnm,3664,6793,207,856
vnm,3680,9242,207,641
vnm,3677,6697,207,400
vnm,3668,6502,207,1180
vnm,3674,8318,207,795
vnm,3661,3355,207,409
vnm,3657,8498,207,396
vnm,3672,6500,207,686
vnm,3660,6659,207,1242
vnm,3678,5509,207,428
vnm,3681,8389,207,683
vnm,3666,13670,207,1346
vnm,3669,3745,207,450
vnm,3670,10117,207,945
vnm,3667,6165,207,761
vnm,3665,4473,207,539
vnm,3659,6920,207,792
vnm,3663,4218,207,630
vnm,3679,7130,207,432
vnm,3671,6745,207,692
vnm,3675,6757,207,835
vnm,3642,7741,206,748
vnm,3647,7238,206,758
vnm,3644,5934,206,642
vnm,3645,9824,206,1118
vnm,3651,7939,206,853
vnm,3650,5538,206,561
vnm,3637,7632,206,783
vnm,3638,6708,206,664
vnm,3654,4783,206,654
vnm,3641,4475,206,537
vnm,3649,5458,206,417
vnm,3635,5675,206,495
vnm,3634,11752,206,572
vnm,3636,4949,206,583
vnm,3643,5912,206,470
vnm,3648,4175,206,485
vnm,3640,7935,206,753
vnm,3646,6274,206,864
vnm,3639,4970,206,385
vnm,3819,6186,214,492
vnm,3823,4428,214,565
vnm,3833,5905,214,602
vnm,3828,4807,214,676
vnm,3837,3232,214,401
vnm,3821,6016,214,701
vnm,3840,6451,214,685
vnm,3842,4568,214,557
vnm,3836,4168,214,507
vnm,3841,5583,214,625
vnm,3829,4245,214,485
vnm,3843,3384,214,429
vnm,3839,4588,214,546
vnm,3835,6451,214,615
vnm,3820,9913,214,873
vnm,3817,6076,214,190
vnm,3832,6319,214,763
vnm,3822,2079,214,313
vnm,3826,4162,214,247
vnm,3830,2703,214,424
vnm,3818,3340,214,364
vnm,3825,8783,214,511
vnm,3831,8158,214,996
vnm,3834,3576,214,460
vnm,3824,3582,214,490
vnm,3844,4756,214,464
vnm,3838,4245,214,501
vnm,3827,6920,214,892
vnm,3807,8272,213,1097
vnm,3796,5404,213,510
vnm,3812,5912,213,636
vnm,3793,6635,213,659
vnm,3805,6805,213,499
vnm,3802,5534,213,572
vnm,3800,3245,213,413
vnm,3815,8071,213,1060
vnm,3816,5656,213,872
vnm,3794,10726,213,842
vnm,3792,3633,213,378
vnm,3808,10735,213,1402
vnm,3795,4110,213,414
vnm,3791,7302,213,564
vnm,3814,10089,213,1005
vnm,3811,4352,213,515
vnm,3806,4468,213,390
vnm,3804,5991,213,732
vnm,3799,7039,213,786
vnm,3810,8198,213,966
vnm,3790,7523,213,504
vnm,3797,3523,213,577
vnm,3798,4053,213,441
vnm,3803,8807,213,783
vnm,3801,4179,213,539
vnm,3813,6515,213,807
vnm,3809,8432,213,1029
vnm,3718,2822,209,349
vnm,3708,7264,209,740
vnm,3704,9382,209,935
vnm,3722,3635,209,383
vnm,3713,7073,209,878
vnm,3720,7209,209,830
vnm,3706,9719,209,1016
vnm,3712,6710,209,745
vnm,3707,9352,209,832
vnm,3709,5269,209,576
vnm,3724,4564,209,588
vnm,3726,5147,209,620
vnm,3714,12274,209,916
vnm,3725,7053,209,948
vnm,3703,8179,209,599
vnm,3715,6056,209,469
vnm,3710,5995,209,931
vnm,3721,7433,209,762
vnm,3719,4940,209,629
vnm,3716,4015,209,556
vnm,3717,4692,209,731
vnm,3711,12005,209,1152
vnm,3723,2369,209,288
vnm,3705,4655,209,620
vnm,3727,4356,209,575
vnm,3858,5972,215,675
vnm,3859,7411,215,647
vnm,3860,5145,215,590
vnm,3862,3004,215,371
vnm,3853,7411,215,849
vnm,3849,8309,215,678
vnm,3850,8863,215,1140
vnm,3856,3725,215,342
vnm,3852,7191,215,810
vnm,3854,7337,215,1103
vnm,3848,8339,215,1202
vnm,3857,8771,215,1006
vnm,3847,7511,215,594
vnm,3855,11304,215,1061
vnm,3851,7557,215,860
vnm,3861,7885,215,824
vnm,3845,9643,215,698
vnm,3846,6065,215,619
vnm,3863,4661,215,366
vnm,3978,35027,224,752
vnm,3964,8167,224,217
vnm,3971,11486,224,882
vnm,3967,11546,224,964
vnm,3970,11600,224,675
vnm,3972,8585,224,497
vnm,3966,17068,224,1187
vnm,3975,8680,224,623
vnm,3976,11806,224,628
vnm,3968,12804,224,1106
vnm,3979,11476,224,790
vnm,3974,6581,224,602
vnm,3965,10588,224,753
vnm,3973,11170,224,485
vnm,3977,7796,224,750
vnm,3969,10300,224,506
vnm,3980,4587,225,148
vnm,3988,8231,225,588
vnm,3995,6150,225,598
vnm,3996,9127,225,675
vnm,3984,8721,225,735
vnm,3981,10464,225,1222
vnm,3994,6781,225,746
vnm,3993,12199,225,952
vnm,3987,10042,225,885
vnm,3985,6497,225,630
vnm,3986,8734,225,656
vnm,3990,7198,225,564
vnm,3992,7783,225,869
vnm,3991,12879,225,893
vnm,3989,8040,225,435
vnm,3982,9457,225,804
vnm,3983,5407,225,492
vnm,11159,611,230,118
vnm,4075,11898,229,1135
vnm,4076,6014,229,141
vnm,4078,1318,229,390
vnm,4082,697,229,5018
vnm,4083,385,229,1016
vnm,4079,1696,229,61
vnm,4077,2291,229,292
vnm,4081,2010,229,1987
vnm,4084,1747,229,4213
vnm,4080,2464,229,203
vnm,4085,317,229,3023
vnm,4086,877,229,903
vnm,3926,9419,221,624
vnm,4016,8187,221,623
vnm,3925,6358,221,542
vnm,3922,7916,221,204
vnm,3921,6203,221,799
vnm,3923,3928,221,237
vnm,3924,5469,221,225
vnm,4000,10544,222,728
vnm,3998,10424,222,595
vnm,4001,7505,222,289
vnm,4006,13451,222,1139
vnm,3999,12982,222,783
vnm,4017,4728,222,304
vnm,3909,14140,219,62
vnm,3907,19529,219,391
vnm,3905,25383,219,274
vnm,3903,25196,219,475
vnm,3904,11505,219,2327
vnm,3908,9851,219,328
vnm,3906,15544,219,333
vnm,3910,10361,219,744
vnm,3868,11818,216,82
vnm,3872,3065,216,30
vnm,3865,13977,216,424
vnm,3869,4629,216,83
vnm,3874,2375,216,7
vnm,3873,3712,216,11
vnm,3864,11134,216,264
vnm,3871,3910,216,18
vnm,3866,16407,216,323
vnm,3867,13078,216,123
vnm,3870,10013,216,34
vnm,3914,10671,220,246
vnm,3913,11765,220,377
vnm,3912,15503,220,160
vnm,3915,10768,220,423
vnm,3916,10152,220,332
vnm,3919,9169,220,274
vnm,3911,9669,220,146
vnm,3917,13555,220,140
vnm,3920,9668,220,407
vnm,3918,14323,220,437
vnm,4005,7220,226,618
vnm,4021,10416,226,565
vnm,4013,7379,226,424
vnm,4019,9016,226,674
vnm,4002,7336,226,537
vnm,4009,4828,226,365
vnm,4004,9075,226,642
vnm,4008,9711,226,579
vnm,4012,8511,226,604
vnm,4014,8259,226,607
vnm,4007,6846,226,781
vnm,3997,3515,226,80
vnm,4015,7126,226,552
vnm,4018,8842,226,682
vnm,4011,6474,226,391
vnm,4003,8354,226,546
vnm,4010,5364,226,386
vnm,4020,10918,226,553
vnm,3889,9030,218,34
vnm,3891,9434,218,26
vnm,3888,7416,218,29
vnm,3897,11784,218,51
vnm,3895,10805,218,31
vnm,3900,32235,218,165
vnm,3893,12314,218,43
vnm,3896,14211,218,47
vnm,3901,18565,218,159
vnm,3890,10990,218,39
vnm,3899,15164,218,65
vnm,3898,13771,218,55
vnm,3894,7859,218,35
vnm,3892,10292,218,37
vnm,3902,32214,218,460
vnm,3883,5119,217,17
vnm,3878,15552,217,55
vnm,3885,22376,217,199
vnm,3887,5916,217,29
vnm,3882,20837,217,212
vnm,3881,9545,217,32
vnm,3879,9268,217,43
vnm,3886,8106,217,77
vnm,3884,7388,217,23
vnm,3880,5664,217,39
vnm,3875,19647,217,220
vnm,3876,10891,217,116
vnm,3877,19102,217,124
vnm,3948,14150,223,698
vnm,3930,6227,223,666
vnm,3943,9881,223,584
vnm,3940,9902,223,760
vnm,3945,6694,223,503
vnm,3963,8533,223,660
vnm,3936,5326,223,551
vnm,3935,4146,223,719
vnm,3942,8005,223,588
vnm,3946,12451,223,793
vnm,3961,10896,223,638
vnm,3959,7860,223,541
vnm,3931,9975,223,988
vnm,3941,10459,223,779
vnm,3955,11779,223,564
vnm,3929,9980,223,1187
vnm,3954,12123,223,727
vnm,3960,5615,223,480
vnm,3932,10834,223,1579
vnm,3934,2709,223,404
vnm,3933,11464,223,1047
vnm,3944,6481,223,387
vnm,3928,11546,223,1283
vnm,3937,10934,223,1109
vnm,3950,12282,223,681
vnm,3927,4926,223,130
vnm,3953,7202,223,377
vnm,3951,6924,223,457
vnm,3938,5763,223,521
vnm,3939,9253,223,664
vnm,3952,6971,223,560
vnm,3962,11481,223,475
vnm,3956,11442,223,627
vnm,3958,12564,223,594
vnm,3957,8353,223,406
vnm,3949,10565,223,826
vnm,3947,6053,223,409
vnm,4033,5718,227,446
vnm,4038,6218,227,497
vnm,4030,6256,227,717
vnm,4023,6144,227,754
vnm,4032,7454,227,832
vnm,4042,7198,227,1049
vnm,4040,10411,227,939
vnm,4028,5666,227,603
vnm,4031,9977,227,1391
vnm,4039,5219,227,513
vnm,4034,10362,227,1008
vnm,4027,4396,227,487
vnm,4025,5987,227,728
vnm,4041,4213,227,517
vnm,4024,6155,227,623
vnm,4043,2966,227,423
vnm,4022,14556,227,723
vnm,4037,7171,227,1155
vnm,4036,6807,227,820
vnm,4029,5465,227,706
vnm,4026,3019,227,447
vnm,4035,3780,227,509
vnm,4044,7795,227,1210
vnm,4055,6862,228,720
vnm,4072,4542,228,399
vnm,4070,6472,228,764
vnm,4071,7252,228,878
vnm,4062,6497,228,777
vnm,4046,8711,228,886
vnm,4047,7736,228,880
vnm,4053,5341,228,666
vnm,4067,7375,228,1074
vnm,4060,3561,228,493
vnm,4054,6374,228,681
vnm,4064,5484,228,774
vnm,4065,5250,228,595
vnm,4058,5394,228,486
vnm,4066,6651,228,687
vnm,4059,4304,228,626
vnm,4056,5925,228,831
vnm,4057,5666,228,573
vnm,4048,6837,228,767
vnm,4063,4019,228,631
vnm,4068,5610,228,646
vnm,4074,6713,228,1001
vnm,4049,7032,228,806
vnm,4050,8000,228,794
vnm,4051,7412,228,832
vnm,4045,8215,228,372
vnm,4052,3758,228,473
vnm,4069,3091,228,460
vnm,4061,7034,228,787
vnm,4073,3491,228,328
vnm,10835,10021,680,1690
vnm,10839,10471,680,2435
vnm,10840,10136,680,1965
vnm,10833,10778,680,1326
vnm,10838,11970,680,1558
vnm,10832,9532,680,1201
vnm,10834,4062,680,912
vnm,10836,10619,680,2038
vnm,10837,10104,680,2045
vnm,10824,9297,679,1327
vnm,10830,10431,679,848
vnm,10820,6572,679,881
vnm,10827,9470,679,1794
vnm,10828,8539,679,1295
vnm,10823,10024,679,2593
vnm,10831,15683,679,1675
vnm,10829,10411,679,2067
vnm,10826,9461,679,3261
vnm,10825,6696,679,2575
vnm,10883,8910,683,3459
vnm,10882,7766,683,3444
vnm,10878,9474,683,3396
vnm,10877,8476,683,2739
vnm,10879,11136,683,3517
vnm,10880,10395,683,4576
vnm,10881,6831,683,3010
vnm,10884,13350,683,5633
vnm,10870,8585,684,1454
vnm,10871,4652,684,2189
vnm,10875,8271,684,3092
vnm,10873,6861,684,2326
vnm,10874,6918,684,2282
vnm,10876,7001,684,3375
vnm,10868,11146,684,1345
vnm,10869,3641,684,339
vnm,10872,4940,684,1168
vnm,10847,11485,678,2563
vnm,10822,7850,678,1419
vnm,10821,9505,678,1311
vnm,10819,9174,678,1074
vnm,10818,9567,678,489
vnm,10848,8028,678,1717
vnm,10844,8348,681,2725
vnm,10855,5946,681,1250
vnm,10842,7697,681,1676
vnm,10853,15552,681,6126
vnm,10851,15344,681,5691
vnm,10850,16669,681,5789
vnm,10841,7763,681,1515
vnm,10846,15464,681,3019
vnm,10849,8339,681,2143
vnm,10852,13397,681,6622
vnm,10856,7953,681,3406
vnm,10843,19903,681,4475
vnm,10857,12911,681,2554
vnm,10854,13462,681,5289
vnm,10845,18034,681,3969
vnm,10815,6586,677,1976
vnm,10817,4140,677,2571
vnm,10809,5453,677,74
vnm,10810,10514,677,1578
vnm,10811,12456,677,898
vnm,10816,6922,677,2103
vnm,10812,7125,677,890
vnm,10814,10810,677,2631
vnm,10813,7735,677,677
vnm,10858,6258,682,591
vnm,10867,7609,682,2445
vnm,10865,13355,682,3447
vnm,10861,8511,682,2344
vnm,10866,8536,682,2307
vnm,10860,7515,682,2145
vnm,10859,8156,682,2624
vnm,10862,7665,682,2646
vnm,10863,10816,682,3836
vnm,10864,10897,682,3840
vnm,9515,21036,575,661
vnm,9519,27578,575,954
vnm,9513,86670,575,1106
vnm,9509,12250,575,2031
vnm,9517,24558,575,1398
vnm,9516,25553,575,1408
vnm,9510,40589,575,4049
vnm,9506,33297,575,3078
vnm,9514,36926,575,1414
vnm,9520,14116,575,721
vnm,9512,60432,575,1295
vnm,9511,27778,575,2554
vnm,9518,24220,575,990
vnm,9505,22379,575,921
vnm,9507,124346,575,2308
vnm,9508,121244,575,2062
vnm,9460,84353,571,533
vnm,9461,32208,571,137
vnm,9452,84638,571,537
vnm,9453,123594,571,505
vnm,9454,88563,571,861
vnm,9455,82747,571,348
vnm,9456,73689,571,548
vnm,9457,63195,571,513
vnm,9458,74646,571,587
vnm,9459,73784,571,1366
vnm,9288,12397,559,29
vnm,9276,31452,559,88
vnm,9279,36530,559,126
vnm,9275,36048,559,235
vnm,9285,11049,559,40
vnm,9286,24839,559,60
vnm,9290,23087,559,64
vnm,9293,19923,559,35
vnm,9287,17491,559,39
vnm,9291,23030,559,44
vnm,9292,49679,559,153
vnm,9283,24333,559,70
vnm,9280,42500,559,176
vnm,9278,41871,559,138
vnm,9277,21567,559,49
vnm,9294,16699,559,421
vnm,9289,22469,559,50
vnm,9281,16289,559,45
vnm,9284,10222,559,33
vnm,9282,14480,559,49
vnm,9531,13076,577,7648
vnm,9529,20781,577,1771
vnm,9528,10791,577,1415
vnm,9533,10214,577,10042
vnm,9534,5147,577,6782
vnm,9530,5452,577,9690
vnm,9532,3865,577,7101
vnm,9476,17527,573,3345
vnm,9474,10928,573,2758
vnm,9490,37033,573,2759
vnm,9472,22804,573,451
vnm,9488,17614,573,1016
vnm,9477,13494,573,2507
vnm,9478,9396,573,2731
vnm,9479,24830,573,2471
vnm,9473,7264,573,2765
vnm,9483,13468,573,2270
vnm,9482,17327,573,1795
vnm,9485,20798,573,1911
vnm,9484,30821,573,3493
vnm,9491,43033,573,3545
vnm,9489,44937,573,3111
vnm,9487,16802,573,1379
vnm,9492,42081,573,1957
vnm,9486,13188,573,2802
vnm,9481,26785,573,2155
vnm,9480,14695,573,1976
vnm,9475,12450,573,2743
vnm,9270,21860,558,69
vnm,9266,47114,558,197
vnm,9273,55902,558,145
vnm,9264,60276,558,162
vnm,9260,24173,558,82
vnm,9265,48343,558,220
vnm,9259,37684,558,142
vnm,9263,54329,558,151
vnm,9261,54511,558,131
vnm,9274,55389,558,169
vnm,9269,20447,558,45
vnm,9267,55582,558,169
vnm,9262,33515,558,168
vnm,9268,34986,558,117
vnm,9272,32633,558,140
vnm,9271,34508,558,96
vnm,9504,85459,574,847
vnm,9496,70965,574,1474
vnm,9493,17956,574,201
vnm,9495,14581,574,889
vnm,9494,33505,574,1319
vnm,9497,29996,574,1961
vnm,9500,28817,574,328
vnm,9498,80671,574,1058
vnm,9502,35285,574,216
vnm,9501,34201,574,357
vnm,9499,35409,574,1721
vnm,9503,72382,574,2183
vnm,9527,20037,576,2367
vnm,9526,14652,576,996
vnm,9521,45225,576,470
vnm,9524,26166,576,1025
vnm,9525,31979,576,606
vnm,9522,52551,576,1309
vnm,9523,14719,576,334
vnm,9326,10261,562,21
vnm,9330,9338,562,40
vnm,9331,8802,562,28
vnm,9334,6327,562,18
vnm,9335,7660,562,13
vnm,9333,6767,562,17
vnm,9329,10509,562,30
vnm,9332,7727,562,14
vnm,9327,11471,562,33
vnm,9325,7700,562,21
vnm,9321,11359,562,31
vnm,9322,15405,562,38
vnm,9324,22837,562,48
vnm,9328,7897,562,34
vnm,9323,18088,562,172
vnm,9215,10412,554,235
vnm,9216,11531,554,110
vnm,9222,13511,554,33
vnm,9219,10586,554,20
vnm,9220,11371,554,39
vnm,9214,14613,554,107
vnm,9221,20161,554,91
vnm,9217,9555,554,44
vnm,9218,15035,554,59
vnm,9213,22710,554,53
vnm,9368,14165,565,26
vnm,9366,11061,565,23
vnm,9365,9203,565,24
vnm,9364,24150,565,155
vnm,9362,25418,565,54
vnm,9363,32478,565,154
vnm,9361,25178,565,90
vnm,9370,16744,565,25
vnm,9375,7213,565,12
vnm,9371,13270,565,19
vnm,9373,10723,565,20
vnm,9374,7308,565,25
vnm,9372,7536,565,13
vnm,9369,11077,565,18
vnm,9367,17699,565,22
vnm,9389,12466,566,32
vnm,9381,9752,566,33
vnm,9379,12079,566,30
vnm,9385,8706,566,17
vnm,9382,11120,566,21
vnm,9378,15198,566,38
vnm,9376,12306,566,93
vnm,9391,12342,566,35
vnm,9390,9596,566,26
vnm,9380,21297,566,78
vnm,9388,8744,566,21
vnm,9377,32119,566,77
vnm,9387,9435,566,20
vnm,9386,12134,566,18
vnm,9383,13190,566,38
vnm,9384,8196,566,17
vnm,9228,46397,555,842
vnm,9232,45663,555,288
vnm,9225,99175,555,630
vnm,9227,78340,555,493
vnm,9231,33317,555,199
vnm,9229,52985,555,305
vnm,9233,60768,555,471
vnm,9224,59032,555,607
vnm,9223,54091,555,1121
vnm,9226,46736,555,574
vnm,9230,41861,555,317
vnm,9342,184,563,149
vnm,9345,499,563,301
vnm,9337,35695,563,1048
vnm,9338,18576,563,185
vnm,9341,5098,563,191
vnm,9339,25943,563,356
vnm,9340,27368,563,183
vnm,9343,19427,563,594
vnm,9344,22971,563,1020
vnm,9336,22499,563,325
vnm,9346,720,563,131
vnm,9360,13670,564,18
vnm,9355,9083,564,18
vnm,9351,22212,564,47
vnm,9350,12355,564,17
vnm,9352,6929,564,14
vnm,9349,16197,564,27
vnm,9359,11365,564,18
vnm,9358,10553,564,18
vnm,9356,18825,564,38
vnm,9357,14327,564,31
vnm,9353,7016,564,103
vnm,9348,12936,564,101
vnm,9347,16394,564,42
vnm,9354,17396,564,45
vnm,9406,12135,567,22
vnm,9397,9494,567,12
vnm,9392,6331,567,30
vnm,9393,11204,567,35
vnm,9400,14811,567,20
vnm,9405,12333,567,18
vnm,9403,19804,567,37
vnm,9399,9777,567,44
vnm,9404,10785,567,19
vnm,9402,10881,567,25
vnm,9401,15249,567,31
vnm,9398,5062,567,17
vnm,9395,10525,567,21
vnm,9396,15180,567,19
vnm,9394,10399,567,10
vnm,9415,17085,568,39
vnm,9420,6953,568,24
vnm,9416,11487,568,36
vnm,9410,5615,568,47
vnm,9421,8767,568,26
vnm,9417,12479,568,32
vnm,9413,9576,568,22
vnm,9411,15604,568,34
vnm,9409,7603,568,22
vnm,9407,10054,568,44
vnm,9418,10693,568,23
vnm,9419,7859,568,21
vnm,9414,11697,568,31
vnm,9412,7804,568,27
vnm,9408,14644,568,44
vnm,9430,9818,569,28
vnm,9435,25119,569,174
vnm,9428,25316,569,110
vnm,9426,24901,569,83
vnm,9423,24818,569,101
vnm,9422,20564,569,50
vnm,9429,7448,569,30
vnm,9433,8952,569,21
vnm,9431,12519,569,25
vnm,9427,12772,569,29
vnm,9425,13406,569,35
vnm,9434,11578,569,37
vnm,9432,22227,569,48
vnm,9424,12639,569,31
vnm,9466,35924,572,168
vnm,9471,31878,572,321
vnm,9468,45841,572,532
vnm,9465,44006,572,212
vnm,9464,35711,572,95
vnm,9470,25960,572,391
vnm,9469,34613,572,414
vnm,9467,27214,572,88
vnm,9462,43913,572,618
vnm,9463,31320,572,101
vnm,9438,22944,570,38
vnm,9442,15352,570,26
vnm,9440,7026,570,25
vnm,9445,16403,570,25
vnm,9444,8453,570,17
vnm,9447,19219,570,36
vnm,9449,42942,570,89
vnm,9450,50068,570,344
vnm,9437,21246,570,58
vnm,9439,25726,570,49
vnm,9443,46347,570,150
vnm,9446,44743,570,163
vnm,9448,33243,570,132
vnm,9451,37534,570,488
vnm,9436,10732,570,17
vnm,9441,20173,570,33
vnm,9249,25180,557,257
vnm,9246,23326,557,1493
vnm,9255,11753,557,1828
vnm,9247,35233,557,1277
vnm,9256,25475,557,1024
vnm,9258,22100,557,1206
vnm,9257,15656,557,102
vnm,9253,26767,557,263
vnm,9252,64757,557,657
vnm,9248,37691,557,522
vnm,9250,46332,557,455
vnm,9251,37216,557,601
vnm,9254,23354,557,901
vnm,9299,12062,560,42
vnm,9304,47431,560,100
vnm,9301,28528,560,70
vnm,9297,39716,560,157
vnm,9298,57231,560,157
vnm,9308,26373,560,92
vnm,9309,65404,560,1322
vnm,9295,34031,560,237
vnm,9300,17905,560,26
vnm,9296,30915,560,124
vnm,9303,18731,560,30
vnm,9305,26521,560,66
vnm,9302,15723,560,58
vnm,9306,18955,560,46
vnm,9307,30867,560,60
vnm,9319,29732,561,132
vnm,9318,33639,561,112
vnm,9316,43831,561,142
vnm,9315,54582,561,134
vnm,9317,42520,561,107
vnm,9312,41599,561,269
vnm,9313,64641,561,198
vnm,9310,42762,561,130
vnm,9320,27510,561,141
vnm,9314,37288,561,119
vnm,9311,60682,561,411
vnm,9235,77638,556,624
vnm,9244,14773,556,147
vnm,9240,100706,556,663
vnm,9239,63140,556,758
vnm,9241,30427,556,162
vnm,9243,43234,556,313
vnm,9242,22973,556,163
vnm,9236,64409,556,824
vnm,9234,61501,556,458
vnm,9237,29249,556,258
vnm,9238,32784,556,347
vnm,9245,46716,556,489
vnm,351,3875,23,5667
vnm,352,4298,23,5214
vnm,342,5607,23,9649
vnm,347,2688,23,5689
vnm,345,4095,23,10897
vnm,341,6712,23,18447
vnm,353,1465,23,1581
vnm,348,2640,23,5510
vnm,350,2557,23,8514
vnm,349,6956,23,13052
vnm,343,3561,23,8886
vnm,346,2082,23,4525
vnm,344,7621,23,8283
vnm,409,4816,26,5344
vnm,403,5193,26,8382
vnm,402,2270,26,4549
vnm,419,7584,26,5951
vnm,415,2427,26,6638
vnm,420,2281,26,4141
vnm,406,2675,26,6954
vnm,414,8960,26,4516
vnm,407,3990,26,4955
vnm,411,4369,26,7222
vnm,410,10073,26,6246
vnm,400,2370,26,15519
vnm,404,5130,26,1581
vnm,401,3646,26,4264
vnm,405,2047,26,5492
vnm,416,4171,26,6907
vnm,413,2753,26,3259
vnm,398,15792,26,5765
vnm,408,5306,26,5696
vnm,417,5106,26,8052
vnm,418,7994,26,4793
vnm,399,3270,26,1360
vnm,412,5557,26,9118
vnm,253,7726,18,4613
vnm,265,3410,18,3552
vnm,251,4866,18,4361
vnm,267,4563,18,2298
vnm,254,3899,18,2662
vnm,264,2255,18,1541
vnm,252,4330,18,5321
vnm,261,6308,18,4875
vnm,255,2720,18,1718
vnm,250,2771,18,1477
vnm,263,3861,18,4043
vnm,257,4193,18,2051
vnm,268,6778,18,3145
vnm,262,3696,18,2536
vnm,260,3654,18,3695
vnm,259,3523,18,2701
vnm,256,5249,18,2076
vnm,266,4367,18,3069
vnm,258,3216,18,1928
vnm,245,11317,17,667
vnm,246,3657,17,3705
vnm,243,4935,17,548
vnm,244,10334,17,541
vnm,329,4329,17,5482
vnm,330,4402,17,4097
vnm,241,6195,17,1529
vnm,242,8183,17,292
vnm,368,2279,24,3465
vnm,355,2347,24,3866
vnm,370,2473,24,2189
vnm,373,1448,24,1631
vnm,359,2798,24,2197
vnm,361,3865,24,3807
vnm,362,2104,24,2178
vnm,374,2110,24,6701
vnm,372,1975,24,2174
vnm,378,2903,24,5313
vnm,376,2841,24,5555
vnm,375,3165,24,3907
vnm,365,1898,24,1663
vnm,369,2111,24,1646
vnm,358,3230,24,3382
vnm,366,1818,24,2664
vnm,367,2185,24,1727
vnm,371,1745,24,3080
vnm,363,3628,24,3193
vnm,364,3954,24,2320
vnm,356,2057,24,2839
vnm,357,1746,24,2579
vnm,377,3259,24,5180
vnm,360,3312,24,6177
vnm,354,4969,24,640
vnm,279,6374,19,3383
vnm,274,5070,19,3189
vnm,284,7349,19,3936
vnm,281,3906,19,2477
vnm,280,5453,19,3880
vnm,269,6679,19,2437
vnm,283,3270,19,6517
vnm,286,5031,19,7085
vnm,285,5514,19,3729
vnm,273,3259,19,3680
vnm,271,3111,19,2624
vnm,276,2808,19,2728
vnm,275,4280,19,2981
vnm,277,6787,19,5899
vnm,278,2992,19,2156
vnm,282,3567,19,6052
vnm,270,4756,19,3809
vnm,272,5366,19,4164
vnm,306,3319,21,5790
vnm,308,4850,21,4688
vnm,309,2447,21,3771
vnm,312,2918,21,4307
vnm,314,4032,21,6330
vnm,307,3334,21,5050
vnm,313,3261,21,2248
vnm,315,7339,21,7768
vnm,316,2497,21,5514
vnm,305,6621,21,1695
vnm,317,2720,21,5918
vnm,310,4998,21,5116
vnm,311,4696,21,9171
vnm,424,1826,27,4242
vnm,429,6500,27,9103
vnm,431,2652,27,4662
vnm,433,2853,27,3833
vnm,428,4300,27,7857
vnm,423,3076,27,10655
vnm,427,4635,27,6376
vnm,422,4770,27,12407
vnm,434,3565,27,4032
vnm,435,5587,27,3644
vnm,432,4965,27,6415
vnm,421,2613,27,8625
vnm,426,7138,27,5877
vnm,430,3759,27,6051
vnm,425,3039,27,5588
vnm,339,4196,22,15312
vnm,331,4002,22,13937
vnm,332,5748,22,5081
vnm,249,2884,22,5185
vnm,247,2401,22,3220
vnm,328,2365,22,6329
vnm,334,8059,22,10038
vnm,320,6558,22,13890
vnm,337,4997,22,5855
vnm,338,4515,22,9423
vnm,319,5494,22,2183
vnm,325,2629,22,4132
vnm,248,5554,22,5700
vnm,327,3234,22,7413
vnm,335,2510,22,10184
vnm,324,874,22,2936
vnm,323,2712,22,6617
vnm,321,6894,22,13467
vnm,333,5720,22,14887
vnm,340,6005,22,7498
vnm,322,7506,22,15551
vnm,318,9215,22,1984
vnm,336,4665,22,4920
vnm,326,970,22,2990
vnm,381,4675,25,2228
vnm,392,3730,25,2469
vnm,379,5441,25,2037
vnm,388,2293,25,1876
vnm,393,3364,25,3368
vnm,382,3284,25,2649
vnm,397,2726,25,4503
vnm,394,3768,25,4960
vnm,396,4655,25,10593
vnm,390,3375,25,2531
vnm,380,3612,25,3199
vnm,386,3955,25,2084
vnm,387,2091,25,2985
vnm,395,5532,25,12754
vnm,391,3633,25,2405
vnm,385,4693,25,4703
vnm,389,2813,25,3483
vnm,384,2294,25,1638
vnm,383,1615,25,2637
vnm,291,3640,20,3630
vnm,297,2366,20,3186
vnm,304,8401,20,8793
vnm,303,4806,20,7311
vnm,301,4321,20,6539
vnm,294,4040,20,3396
vnm,295,6106,20,8000
vnm,302,7925,20,6675
vnm,296,6750,20,5870
vnm,298,6557,20,7822
vnm,292,4404,20,6813
vnm,300,9037,20,11991
vnm,299,3747,20,7030
vnm,289,3234,20,1643
vnm,293,7148,20,2770
vnm,290,3742,20,2883
vnm,288,2905,20,2782
vnm,287,7952,20,2345
vnm,3555,4038,202,458
vnm,3575,4692,202,520
vnm,3572,5055,202,479
vnm,3561,6080,202,498
vnm,3558,7693,202,660
vnm,3571,8242,202,809
vnm,3573,5844,202,693
vnm,3577,6239,202,545
vnm,3565,6573,202,856
vnm,3569,10876,202,482
vnm,3570,7405,202,727
vnm,3552,7402,202,779
vnm,3566,4286,202,238
vnm,3568,6934,202,761
vnm,3556,7080,202,797
vnm,3576,5084,202,429
vnm,3564,5643,202,780
vnm,3574,5708,202,484
vnm,3559,13012,202,1128
vnm,3553,12313,202,915
vnm,3557,6027,202,732
vnm,3562,6985,202,826
vnm,3567,4650,202,553
vnm,3554,7209,202,679
vnm,3560,7719,202,858
vnm,3563,10365,202,691
vnm,3549,14182,202,474
vnm,3550,7307,202,536
vnm,3551,4360,202,528
vnm,212,44688,16,251
vnm,213,40201,16,501
vnm,206,19219,16,155
vnm,205,23861,16,216
vnm,204,10406,16,492
vnm,211,29594,16,627
vnm,214,38816,16,310
vnm,215,22389,16,271
vnm,208,20046,16,671
vnm,207,13229,16,287
vnm,203,7922,16,359
vnm,209,39462,16,428
vnm,210,18031,16,245
vnm,5,15159,2,63
vnm,11,13974,2,50
vnm,10,8287,2,120
vnm,14,17230,2,64
vnm,13,13932,2,56
vnm,6,20388,2,90
vnm,9,18684,2,86
vnm,12,19865,2,91
vnm,7,7602,2,19
vnm,2,21301,2,132
vnm,8,7224,2,86
vnm,15,20829,2,68
vnm,3,6883,2,29
vnm,4,22076,2,89
vnm,3331,14403,192,2429
vnm,3333,2254,192,3227
vnm,3323,11398,192,2955
vnm,3308,8012,192,663
vnm,3328,7251,192,922
vnm,3311,4622,192,334
vnm,3321,7869,192,465
vnm,3317,12530,192,987
vnm,3325,5145,192,362
vnm,3336,8357,192,3289
vnm,3319,5832,192,548
vnm,3332,12525,192,3212
vnm,3312,6812,192,421
vnm,3315,10857,192,816
vnm,3307,5194,192,629
vnm,3313,5049,192,420
vnm,3314,5856,192,450
vnm,3318,9658,192,1616
vnm,3324,9208,192,1326
vnm,3309,12267,192,699
vnm,3330,15080,192,3205
vnm,3305,15249,192,1404
vnm,3327,9443,192,1651
vnm,3316,8763,192,593
vnm,3329,6088,192,1005
vnm,3326,8048,192,1086
vnm,3322,9942,192,1019
vnm,3310,15365,192,920
vnm,3320,13794,192,1805
vnm,3334,11491,192,3912
vnm,3335,8760,192,4358
vnm,59,27628,6,146
vnm,60,30941,6,204
vnm,58,39169,6,222
vnm,56,32887,6,162
vnm,57,21014,6,71
vnm,61,34308,6,104
vnm,63,53328,6,270
vnm,62,45817,6,240
vnm,3437,13898,198,419
vnm,3449,6446,198,475
vnm,3466,5011,198,588
vnm,3463,6141,198,481
vnm,3442,11626,198,702
vnm,3441,10736,198,905
vnm,3462,4557,198,370
vnm,3455,7041,198,558
vnm,3458,9453,198,644
vnm,3467,7078,198,531
vnm,3457,10845,198,943
vnm,3456,12390,198,1480
vnm,3452,11625,198,955
vnm,3460,8307,198,885
vnm,3454,10116,198,1925
vnm,3445,9110,198,597
vnm,3439,12848,198,1008
vnm,3468,4622,198,376
vnm,3443,11905,198,890
vnm,3459,11942,198,848
vnm,3451,14688,198,1034
vnm,3453,11336,198,1465
vnm,3450,9554,198,636
vnm,3446,18182,198,1596
vnm,3447,7364,198,590
vnm,3461,6765,198,585
vnm,3440,16644,198,896
vnm,3464,9448,198,1736
vnm,3444,11900,198,697
vnm,3448,11378,198,728
vnm,3465,8984,198,553
vnm,3438,21133,198,1025
vnm,64,10721,7,46
vnm,70,18080,7,39
vnm,72,9402,7,24
vnm,84,15345,7,45
vnm,81,13858,7,37
vnm,71,29318,7,111
vnm,67,38608,7,130
vnm,74,14329,7,37
vnm,83,7505,7,25
vnm,68,33287,7,113
vnm,78,16783,7,50
vnm,82,19659,7,80
vnm,66,7976,7,23
vnm,76,14264,7,53
vnm,79,17872,7,52
vnm,73,17158,7,37
vnm,77,25921,7,92
vnm,75,16343,7,29
vnm,80,12863,7,46
vnm,69,16335,7,41
vnm,65,9369,7,35
vnm,3374,8158,194,353
vnm,3373,9113,194,464
vnm,3367,8713,194,441
vnm,3364,12437,194,802
vnm,3365,7873,194,433
vnm,3366,8911,194,312
vnm,3368,8044,194,328
vnm,3360,10374,194,314
vnm,3369,12616,194,754
vnm,3375,5031,194,307
vnm,3371,19038,194,689
vnm,3372,22444,194,686
vnm,3362,11475,194,562
vnm,3363,10482,194,466
vnm,3370,9290,194,426
vnm,3361,8884,194,718
vnm,159,13750,12,872
vnm,173,19471,12,962
vnm,171,16496,12,871
vnm,170,17934,12,1013
vnm,156,24616,12,558
vnm,179,12623,12,827
vnm,174,20732,12,556
vnm,169,31683,12,893
vnm,168,14502,12,695
vnm,166,17445,12,979
vnm,178,14049,12,713
vnm,161,15938,12,1054
vnm,160,15827,12,978
vnm,177,5028,12,392
vnm,158,19973,12,1340
vnm,162,18891,12,1199
vnm,164,21238,12,863
vnm,163,11214,12,605
vnm,165,12747,12,719
vnm,167,19594,12,1058
vnm,172,15776,12,1016
vnm,176,14119,12,600
vnm,175,12070,12,746
vnm,157,16406,12,1275
vnm,199,8561,13,158
vnm,189,15175,13,514
vnm,190,20470,13,602
vnm,197,13153,13,788
vnm,184,11176,13,384
vnm,196,6166,13,410
vnm,185,7154,13,265
vnm,194,13081,13,699
vnm,195,13758,13,578
vnm,198,12833,13,646
vnm,200,6303,13,245
vnm,192,13387,13,754
vnm,188,12374,13,888
vnm,183,17906,13,557
vnm,186,13611,13,1278
vnm,191,9166,13,612
vnm,193,31517,13,795
vnm,187,5845,13,421
vnm,201,7620,13,588
vnm,181,17720,13,973
vnm,180,12343,13,115
vnm,182,13746,13,376
vnm,3472,8278,190,241
vnm,3470,16275,190,715
vnm,3394,32061,190,721
vnm,3285,21879,190,177
vnm,3287,33844,190,449
vnm,3282,38823,190,312
vnm,3277,33514,190,162
vnm,3276,12065,190,51
vnm,3283,23292,190,220
vnm,3288,15554,190,343
vnm,3289,26721,190,770
vnm,3284,31386,190,157
vnm,3281,16509,190,95
vnm,3279,18610,190,176
vnm,3278,23628,190,150
vnm,3280,5956,190,22
vnm,3286,30512,190,915
vnm,86,19347,8,84
vnm,100,15990,8,33
vnm,97,13799,8,68
vnm,88,3734,8,22
vnm,96,11642,8,20
vnm,93,8522,8,20
vnm,91,8580,8,15
vnm,98,19709,8,59
vnm,90,8291,8,63
vnm,103,19459,8,56
vnm,89,4929,8,22
vnm,85,5553,8,28
vnm,87,6683,8,36
vnm,92,8809,8,24
vnm,102,14564,8,28
vnm,101,11780,8,19
vnm,94,24422,8,89
vnm,95,20851,8,64
vnm,104,21017,8,70
vnm,99,50943,8,177
vnm,3391,40220,195,992
vnm,3392,16683,195,956
vnm,3382,17286,195,528
vnm,3387,4821,195,255
vnm,3381,12720,195,364
vnm,3377,14691,195,609
vnm,3380,10126,195,335
vnm,3396,12678,195,546
vnm,3379,13257,195,571
vnm,3383,15955,195,482
vnm,3388,7659,195,385
vnm,3395,11814,195,437
vnm,3378,6089,195,234
vnm,3385,10052,195,374
vnm,3390,13257,195,707
vnm,3389,6960,195,387
vnm,3376,6031,195,161
vnm,3386,14042,195,502
vnm,3393,14057,195,767
vnm,3384,10886,195,597
vnm,22,5902,3,18
vnm,28,6195,3,32
vnm,26,22521,3,59
vnm,17,9223,3,17
vnm,24,5121,3,9
vnm,21,5139,3,12
vnm,33,5267,3,35
vnm,29,7065,3,23
vnm,19,5250,3,16
vnm,20,5318,3,8
vnm,25,5664,3,10
vnm,18,6558,3,24
vnm,27,5415,3,30
vnm,23,5034,3,27
vnm,32,4693,3,47
vnm,16,16318,3,79
vnm,31,6705,3,56
vnm,30,4520,3,50
vnm,110,47927,9,296
vnm,107,47851,9,280
vnm,113,16383,9,68
vnm,117,78079,9,467
vnm,112,39198,9,193
vnm,114,30658,9,520
vnm,108,48669,9,79
vnm,111,24224,9,62
vnm,115,39873,9,255
vnm,105,24660,9,257
vnm,116,14072,9,389
vnm,109,28064,9,91
vnm,106,38322,9,213
vnm,118,23116,9,521
vnm,50,30811,5,349
vnm,55,9780,5,505
vnm,45,27338,5,299
vnm,47,14805,5,151
vnm,44,24033,5,433
vnm,52,21511,5,801
vnm,48,23451,5,87
vnm,43,37715,5,567
vnm,54,13823,5,507
vnm,49,18750,5,549
vnm,51,17225,5,112
vnm,53,26045,5,565
vnm,42,28228,5,489
vnm,46,21953,5,367
vnm,3585,5916,203,673
vnm,3599,8841,203,2250
vnm,3596,6794,203,1072
vnm,3584,8067,203,652
vnm,3591,7407,203,809
vnm,3578,7820,203,526
vnm,3593,4476,203,389
vnm,3579,9352,203,971
vnm,3586,7923,203,1595
vnm,3598,12114,203,1117
vnm,3597,13981,203,1450
vnm,3595,7457,203,1003
vnm,3594,20644,203,4553
vnm,3587,12668,203,824
vnm,3583,3727,203,484
vnm,3590,8011,203,715
vnm,3582,8753,203,561
vnm,3589,8121,203,481
vnm,3580,6296,203,691
vnm,3581,13574,203,2007
vnm,3592,6755,203,655
vnm,3588,9510,203,667
vnm,3086,12626,178,592
vnm,3097,10498,178,802
vnm,3087,12706,178,1062
vnm,3101,6081,178,676
vnm,3088,11529,178,977
vnm,3095,15643,178,1038
vnm,3099,13574,178,717
vnm,3092,24534,178,1116
vnm,3091,12095,178,829
vnm,3094,9537,178,732
vnm,3089,14152,178,838
vnm,3093,18432,178,1465
vnm,3090,14874,178,1007
vnm,3098,11341,178,668
vnm,3102,19330,178,1273
vnm,3103,11424,178,868
vnm,3096,5148,178,352
vnm,3100,15449,178,1325
vnm,202,25403,14,207
vnm,223,30457,14,598
vnm,221,30080,14,513
vnm,218,26353,14,260
vnm,219,32003,14,242
vnm,222,15187,14,265
vnm,217,17934,14,321
vnm,220,25169,14,609
vnm,224,40624,14,318
vnm,216,16842,14,313
vnm,3545,6651,201,649
vnm,3547,10031,201,797
vnm,3538,10122,201,724
vnm,3528,6508,201,503
vnm,3543,8655,201,972
vnm,3523,8598,201,557
vnm,3531,7701,201,870
vnm,3532,10367,201,1084
vnm,3539,8183,201,881
vnm,3548,13234,201,978
vnm,3534,5344,201,455
vnm,3535,6588,201,575
vnm,3521,5237,201,117
vnm,3529,9129,201,686
vnm,3522,11203,201,725
vnm,3544,5555,201,451
vnm,3524,9463,201,648
vnm,3540,9146,201,801
vnm,3546,5343,201,588
vnm,3533,4349,201,427
vnm,3537,5653,201,348
vnm,3536,9567,201,811
vnm,3526,2675,201,256
vnm,3542,9980,201,650
vnm,3527,4376,201,338
vnm,3530,7290,201,512
vnm,3525,5963,201,368
vnm,3541,5520,201,664
vnm,3344,3038,193,284
vnm,3349,7398,193,531
vnm,3358,10607,193,875
vnm,3359,10431,193,505
vnm,3347,8283,193,729
vnm,3354,8533,193,750
vnm,3355,14010,193,761
vnm,3353,6791,193,494
vnm,3337,8488,193,466
vnm,3342,1693,193,124
vnm,3343,9976,193,594
vnm,3357,12243,193,655
vnm,3356,6515,193,565
vnm,3346,8713,193,465
vnm,3351,7240,193,572
vnm,3348,5436,193,389
vnm,3350,8482,193,767
vnm,3352,7047,193,683
vnm,3338,2092,193,348
vnm,3340,6432,193,636
vnm,3339,6252,193,486
vnm,3345,16892,193,879
vnm,3341,5666,193,552
vnm,3413,10558,196,1087
vnm,3409,7447,196,524
vnm,3411,6566,196,322
vnm,3405,15229,196,1228
vnm,1733,5338,196,1961
vnm,3416,13155,196,1298
vnm,3415,13426,196,2263
vnm,3403,5591,196,458
vnm,3401,8969,196,750
vnm,3402,11943,196,661
vnm,3408,7231,196,444
vnm,3406,8388,196,1258
vnm,3412,2282,196,1090
vnm,3399,6344,196,300
vnm,3397,14323,196,610
vnm,3398,20019,196,1160
vnm,3414,8157,196,444
vnm,3410,5852,196,356
vnm,3404,7021,196,248
vnm,3407,7117,196,550
vnm,3400,7722,196,497
vnm,139,11360,11,1305
vnm,131,16942,11,3539
vnm,148,8879,11,848
vnm,150,13669,11,809
vnm,133,12376,11,1712
vnm,142,12966,11,1599
vnm,151,11040,11,543
vnm,147,21627,11,1728
vnm,137,13319,11,2217
vnm,132,14627,11,2941
vnm,134,9351,11,2900
vnm,152,14012,11,986
vnm,154,17235,11,723
vnm,138,11951,11,1680
vnm,153,10649,11,917
vnm,141,11252,11,1467
vnm,130,4669,11,133
vnm,143,15362,11,1121
vnm,136,11396,11,989
vnm,140,17746,11,1494
vnm,149,14304,11,1066
vnm,144,18324,11,1523
vnm,135,14544,11,987
vnm,145,9079,11,735
vnm,146,10625,11,943
vnm,155,11335,11,601
vnm,3304,14752,191,2755
vnm,3296,10463,191,879
vnm,3302,6048,191,1584
vnm,3290,7373,191,92
vnm,3292,5225,191,46
vnm,3291,7888,191,215
vnm,3293,7807,191,77
vnm,3303,14491,191,1943
vnm,3294,6987,191,149
vnm,3300,10589,191,1326
vnm,3299,9929,191,658
vnm,3301,6886,191,432
vnm,3297,7065,191,355
vnm,3295,8675,191,535
vnm,3298,8420,191,1598
vnm,40,24277,4,71
vnm,35,15339,4,290
vnm,34,25396,4,644
vnm,37,10044,4,175
vnm,36,18037,4,352
vnm,41,14136,4,54
vnm,38,26473,4,261
vnm,39,22902,4,125
vnm,3434,13249,197,584
vnm,3426,11863,197,1432
vnm,3429,9715,197,872
vnm,3419,5207,197,488
vnm,3423,14783,197,608
vnm,3427,9963,197,317
vnm,3418,10149,197,655
vnm,3425,7646,197,404
vnm,3436,7266,197,725
vnm,3435,7167,197,798
vnm,3430,17432,197,230
vnm,3422,8355,197,590
vnm,3424,8655,197,514
vnm,3420,9905,197,1078
vnm,3417,6422,197,353
vnm,3421,9677,197,737
vnm,3431,12984,197,567
vnm,3432,5731,197,848
vnm,3428,11640,197,3976
vnm,3433,7487,197,402
vnm,1732,7541,197,2250
vnm,1730,7232,197,2071
vnm,1729,3742,197,1712
vnm,3473,11466,199,643
vnm,3476,14241,199,800
vnm,3471,16394,199,660
vnm,3489,10880,199,547
vnm,3475,19609,199,824
vnm,3482,6382,199,770
vnm,3487,8461,199,555
vnm,3491,11956,199,1151
vnm,3483,3554,199,367
vnm,3469,6888,199,532
vnm,3484,5947,199,330
vnm,3488,7973,199,687
vnm,3474,6934,199,742
vnm,3485,16325,199,582
vnm,3477,11923,199,1332
vnm,3486,7789,199,1041
vnm,3478,10599,199,525
vnm,3480,10892,199,658
vnm,3479,8493,199,574
vnm,3481,6574,199,825
vnm,3490,5851,199,412
vnm,238,11392,15,546
vnm,240,8908,15,320
vnm,235,6185,15,287
vnm,229,11339,15,339
vnm,239,15815,15,476
vnm,236,13019,15,360
vnm,234,14791,15,342
vnm,228,38957,15,861
vnm,231,19070,15,350
vnm,230,16375,15,342
vnm,226,34220,15,372
vnm,227,18649,15,372
vnm,237,13104,15,435
vnm,225,15985,15,98
vnm,233,26689,15,728
vnm,232,5866,15,347
vnm,125,17810,10,67
vnm,126,34659,10,118
vnm,122,19923,10,115
vnm,121,34379,10,97
vnm,129,12846,10,29
vnm,119,50110,10,178
vnm,124,24230,10,105
vnm,127,20142,10,58
vnm,128,12142,10,44
vnm,123,30691,10,131
vnm,120,28623,10,73
vnm,3510,5364,200,451
vnm,3514,8494,200,711
vnm,3495,11911,200,465
vnm,3500,6142,200,383
vnm,3506,10501,200,483
vnm,3499,4775,200,335
vnm,3497,7188,200,404
vnm,3496,11845,200,513
vnm,3512,8087,200,542
vnm,3502,8524,200,324
vnm,3520,9421,200,484
vnm,3516,6071,200,569
vnm,3508,9655,200,722
vnm,3494,7686,200,349
vnm,3493,9917,200,495
vnm,3509,8356,200,587
vnm,3504,9544,200,561
vnm,3511,9196,200,720
vnm,3513,9520,200,729
vnm,3515,7193,200,440
vnm,3507,6436,200,290
vnm,3492,5922,200,108
vnm,3505,10218,200,539
vnm,3517,12292,200,644
vnm,3519,8068,200,350
vnm,3498,11361,200,602
vnm,3503,8100,200,367
vnm,3501,11124,200,596
vnm,3518,9462,200,626
vnm,4623,8423,253,1018
vnm,4626,10296,253,1450
vnm,4618,5333,253,767
vnm,4619,8083,253,1216
vnm,4615,5775,253,668
vnm,4617,4221,253,847
vnm,4616,5810,253,981
vnm,4606,6271,253,358
vnm,4607,12223,253,916
vnm,4614,5270,253,953
vnm,4611,7021,253,850
vnm,4613,5676,253,786
vnm,4624,6562,253,934
vnm,4622,3231,253,546
vnm,4612,7394,253,666
vnm,4625,5799,253,960
vnm,4609,9436,253,977
vnm,4621,6205,253,1021
vnm,4620,8808,253,1207
vnm,4550,9847,250,848
vnm,4549,15744,250,1591
vnm,4564,3543,250,380
vnm,4554,9442,250,806
vnm,4562,5805,250,673
vnm,4546,8160,250,423
vnm,4553,5963,250,474
vnm,4551,7168,250,517
vnm,4547,4534,250,190
vnm,4558,9156,250,749
vnm,4548,6811,250,905
vnm,4552,4291,250,524
vnm,4565,2899,250,222
vnm,4557,7803,250,835
vnm,4560,4944,250,781
vnm,4556,8966,250,766
vnm,4555,12419,250,1107
vnm,4559,8417,250,817
vnm,4582,5055,251,3084
vnm,4569,7634,251,658
vnm,4574,9712,251,1034
vnm,4575,5820,251,566
vnm,4579,5646,251,1131
vnm,4570,8725,251,896
vnm,4583,4102,251,2584
vnm,4580,5602,251,694
vnm,4568,6602,251,760
vnm,4572,5210,251,477
vnm,4573,10287,251,535
vnm,4567,5697,251,252
vnm,4576,9495,251,1090
vnm,4577,4512,251,420
vnm,4585,6330,251,2951
vnm,4584,8447,251,752
vnm,4571,7290,251,949
vnm,4578,7593,251,696
vnm,4635,8140,254,1214
vnm,4631,10212,254,1216
vnm,4630,9565,254,927
vnm,4633,9460,254,729
vnm,4632,6644,254,644
vnm,4638,5219,254,369
vnm,4636,9311,254,1022
vnm,4628,10184,254,593
vnm,4649,14348,254,863
vnm,4629,9175,254,882
vnm,4645,5459,254,758
vnm,4644,9104,254,776
vnm,4637,3815,254,640
vnm,4640,3255,254,707
vnm,4641,8219,254,648
vnm,4642,5396,254,903
vnm,4643,4898,254,795
vnm,4639,8976,254,1127
vnm,4646,9016,254,1258
vnm,4648,9375,254,905
vnm,4634,6417,254,586
vnm,4627,5925,254,213
vnm,4647,6593,254,615
vnm,4545,10261,249,584
vnm,4608,8650,249,663
vnm,4538,7303,249,50
vnm,4581,5929,249,646
vnm,4540,7555,249,602
vnm,4536,20207,249,774
vnm,4542,6516,249,351
vnm,4543,6670,249,433
vnm,4588,5475,249,714
vnm,4587,4271,249,348
vnm,4535,4698,249,20
vnm,4537,7457,249,47
vnm,4541,11290,249,592
vnm,4534,6362,249,246
vnm,4544,6803,249,348
vnm,4592,7862,249,548
vnm,4566,4432,249,426
vnm,4563,4724,249,578
vnm,4561,5042,249,765
vnm,4539,8818,249,12
vnm,4610,5229,249,728
vnm,4586,10416,252,841
vnm,4591,7599,252,877
vnm,4589,4467,252,679
vnm,4600,7608,252,1328
vnm,4594,5179,252,786
vnm,4599,5075,252,803
vnm,4593,3663,252,597
vnm,4605,9219,252,1420
vnm,4590,10875,252,1002
vnm,4601,7695,252,1080
vnm,4597,5956,252,805
vnm,4602,10109,252,2681
vnm,4604,6667,252,832
vnm,4596,5497,252,772
vnm,4603,4518,252,877
vnm,4598,5998,252,1785
vnm,4595,6743,252,2110
vnm,6345,5198,330,1354
vnm,6355,6765,330,1455
vnm,6344,5098,330,1713
vnm,6359,4143,330,688
vnm,6343,4409,330,1642
vnm,6361,6191,330,2444
vnm,6351,4004,330,1135
vnm,6366,5129,330,4326
vnm,6360,4693,330,519
vnm,6357,5808,330,1639
vnm,6363,5299,330,16660
vnm,6367,4524,330,2608
vnm,6350,3823,330,1090
vnm,6353,8886,330,190
vnm,6356,4332,330,708
vnm,6358,7593,330,7018
vnm,6349,6033,330,1097
vnm,6365,5113,330,5768
vnm,6352,5439,330,1947
vnm,6362,6068,330,9224
vnm,6354,4042,330,695
vnm,6348,7252,330,1325
vnm,6364,5199,330,1036
vnm,6347,4859,330,826
vnm,6341,8839,330,743
vnm,6346,4076,330,1019
vnm,6342,4960,330,1385
vnm,6278,5222,327,2014
vnm,6271,6079,327,2066
vnm,6270,4171,327,774
vnm,6258,2853,327,736
vnm,6279,7785,327,2570
vnm,6252,13795,327,1172
vnm,6268,5098,327,2491
vnm,6277,6419,327,969
vnm,6280,5870,327,1020
vnm,6262,3668,327,628
vnm,6261,4648,327,932
vnm,6255,7442,327,3791
vnm,6256,7113,327,2939
vnm,6263,3376,327,1423
vnm,6276,4596,327,3397
vnm,6273,3764,327,528
vnm,6264,2276,327,588
vnm,6274,4001,327,687
vnm,6265,7476,327,1012
vnm,6272,2918,327,782
vnm,6259,7382,327,1530
vnm,6275,7711,327,1199
vnm,6267,3994,327,699
vnm,6204,3089,324,649
vnm,6216,4654,324,1565
vnm,6196,1717,324,462
vnm,6218,4743,324,1808
vnm,6214,3505,324,1270
vnm,6210,2509,324,948
vnm,6217,2961,324,918
vnm,6219,2704,324,1687
vnm,6215,2307,324,888
vnm,6200,1556,324,288
vnm,6212,4452,324,747
vnm,6211,4509,324,1194
vnm,6202,2108,324,453
vnm,6194,1718,324,355
vnm,6205,3979,324,461
vnm,6193,7422,324,352
vnm,6207,2919,324,582
vnm,6213,3396,324,701
vnm,6197,1781,324,501
vnm,6195,1276,324,351
vnm,6206,4040,324,352
vnm,6199,4476,324,582
vnm,6220,1464,324,2108
vnm,6208,6376,324,512
vnm,6198,7149,324,868
vnm,6209,2894,324,516
vnm,6203,6400,324,873
vnm,6201,3998,324,715
vnm,6155,9045,322,611
vnm,6159,4932,322,2877
vnm,6158,6028,322,1107
vnm,6156,8743,322,562
vnm,6160,3729,322,811
vnm,6157,5215,322,945
vnm,6141,9642,321,123
vnm,6144,6113,321,421
vnm,6145,6316,321,274
vnm,6140,7333,321,121
vnm,6142,6297,321,263
vnm,6143,6582,321,113
vnm,6154,2764,321,380
vnm,6152,3777,321,292
vnm,6150,6758,321,600
vnm,6153,3993,321,402
vnm,6148,8356,321,623
vnm,6151,3134,321,372
vnm,6147,8054,321,381
vnm,6146,10375,321,579
vnm,6139,7562,321,111
vnm,6149,4014,321,235
vnm,6294,4697,328,1224
vnm,6284,6291,328,9001
vnm,6286,5343,328,19304
vnm,6291,3354,328,4314
vnm,6296,3606,328,2430
vnm,6289,4352,328,8215
vnm,6282,11150,328,658
vnm,6302,5520,328,20272
vnm,6303,2132,328,5822
vnm,6292,4210,328,1820
vnm,6285,3753,328,6439
vnm,6301,6516,328,13650
vnm,6300,2859,328,1795
vnm,6297,3981,328,7870
vnm,6298,3794,328,3376
vnm,6290,4960,328,12703
vnm,6293,4345,328,17082
vnm,6295,3427,328,484
vnm,6288,4357,328,2451
vnm,6299,5174,328,4469
vnm,6287,1822,328,1537
vnm,6283,2464,328,5957
vnm,6161,9521,323,497
vnm,6168,1865,323,526
vnm,6180,2840,323,685
vnm,6181,2632,323,819
vnm,6176,3183,323,537
vnm,6186,4037,323,2123
vnm,6169,5258,323,1587
vnm,6163,3424,323,23426
vnm,6177,1868,323,414
vnm,6188,3219,323,2684
vnm,6171,2078,323,486
vnm,6182,4710,323,27210
vnm,6183,4200,323,24900
vnm,6166,3663,323,3464
vnm,6165,2628,323,4693
vnm,6170,2869,323,2245
vnm,6185,2261,323,626
vnm,6173,1678,323,381
vnm,6192,2001,323,2274
vnm,6175,3142,323,782
vnm,6189,3311,323,728
vnm,6190,2003,323,726
vnm,6178,2394,323,1799
vnm,6172,1511,323,770
vnm,6174,8153,323,15666
vnm,6167,2127,323,673
vnm,6187,3621,323,2553
vnm,6164,5599,323,4322
vnm,6184,2321,323,831
vnm,6191,3695,323,2283
vnm,6179,4940,323,1101
vnm,6162,4197,323,482
vnm,6370,4934,331,2339
vnm,6387,3555,331,250
vnm,6375,5768,331,1669
vnm,6374,5487,331,2020
vnm,6384,3976,331,575
vnm,6392,2263,331,3102
vnm,6376,12087,331,3019
vnm,6400,3916,331,13142
vnm,6396,4490,331,4219
vnm,6372,7399,331,3149
vnm,6371,9678,331,1759
vnm,6398,6380,331,10772
vnm,6388,8279,331,4668
vnm,6381,6069,331,9416
vnm,6380,3347,331,1703
vnm,6385,4337,331,465
vnm,6383,6667,331,15679
vnm,6373,6133,331,2115
vnm,6379,1860,331,3634
vnm,6378,6755,331,3018
vnm,6369,7096,331,2606
vnm,6386,6297,333,549
vnm,6393,5280,333,3268
vnm,6389,1777,333,1710
vnm,6382,10319,333,2157
vnm,6397,4115,333,1497
vnm,6395,8806,333,2561
vnm,6399,2174,333,2574
vnm,6377,7389,333,1900
vnm,6394,6110,333,3619
vnm,6391,11335,333,4045
vnm,6390,6386,333,4985
vnm,6368,12643,333,627
vnm,6260,2738,332,549
vnm,6266,4497,332,514
vnm,6254,6411,332,2431
vnm,6316,6634,332,429
vnm,6269,7416,332,787
vnm,6340,5306,332,473
vnm,6281,5075,332,849
vnm,6253,4888,332,1458
vnm,6306,9230,332,998
vnm,6311,5716,332,749
vnm,6310,8567,332,109
vnm,6309,5859,332,1023
vnm,6257,5961,332,1738
vnm,6247,7987,326,3188
vnm,6251,11800,326,2309
vnm,6233,2606,326,99
vnm,6241,3201,326,408
vnm,6234,11075,326,1156
vnm,6237,2564,326,488
vnm,6240,5687,326,884
vnm,6239,4578,326,584
vnm,6246,6411,326,1884
vnm,6235,5926,326,497
vnm,6250,2476,326,1334
vnm,6248,6477,326,1284
vnm,6249,2986,326,1915
vnm,6243,3965,326,1351
vnm,6238,4304,326,500
vnm,6244,4766,326,1046
vnm,6236,4746,326,480
vnm,6245,4266,326,2488
vnm,6242,4991,326,678
vnm,6332,3102,329,2548
vnm,6338,2030,329,2112
vnm,6305,2649,329,2270
vnm,6317,3832,329,790
vnm,6308,3403,329,900
vnm,6315,3438,329,880
vnm,6331,6236,329,1240
vnm,6339,5402,329,3230
vnm,6307,3618,329,1478
vnm,6333,4648,329,1359
vnm,6304,10353,329,895
vnm,6337,4162,329,739
vnm,6312,4426,329,833
vnm,6318,3667,329,1017
vnm,6324,4916,329,1182
vnm,6335,2898,329,569
vnm,6314,4814,329,973
vnm,6319,6197,329,581
vnm,6330,3244,329,836
vnm,6325,3817,329,1335
vnm,6313,5239,329,826
vnm,6334,7749,329,1126
vnm,6329,4812,329,1005
vnm,6322,3749,329,725
vnm,6321,2219,329,843
vnm,6323,5155,329,1207
vnm,6327,4616,329,1274
vnm,6328,5860,329,1334
vnm,6336,5014,329,2998
vnm,6326,4349,329,611
vnm,6320,2968,329,607
vnm,6222,1531,325,1087
vnm,6227,2666,325,1606
vnm,6223,2322,325,1412
vnm,6226,2770,325,2038
vnm,6228,1758,325,3005
vnm,6224,4677,325,2889
vnm,6229,463,325,1560
vnm,6230,2248,325,5658
vnm,6232,731,325,38327
vnm,6231,2410,325,5279
vnm,6225,2745,325,5638
vnm,6221,3697,325,3164
vnm,1786,4538,109,3014
vnm,1784,2479,109,3029
vnm,1783,5908,109,1449
vnm,1788,2247,109,1181
vnm,1792,3727,109,1325
vnm,1793,4326,109,2389
vnm,1791,2591,109,1065
vnm,1790,5164,109,2698
vnm,1787,3725,109,2101
vnm,1785,1974,109,3495
vnm,1789,3459,109,3862
vnm,1794,2165,109,2793
vnm,1795,2467,109,2149
vnm,1712,3882,105,6125
vnm,1704,3381,105,6684
vnm,1698,1842,105,3959
vnm,1707,2214,105,4877
vnm,1697,5215,105,637
vnm,1706,3033,105,5079
vnm,1700,2207,105,4556
vnm,1708,1677,105,2366
vnm,1715,1780,105,3871
vnm,1702,3064,105,3153
vnm,1701,1088,105,1484
vnm,1699,1307,105,4321
vnm,1705,3709,105,9368
vnm,1703,4043,105,5949
vnm,1716,2298,105,5317
vnm,1713,2289,105,3218
vnm,1710,1776,105,3771
vnm,1709,5527,105,5618
vnm,1717,2542,105,5495
vnm,1711,1623,105,3675
vnm,1690,7506,104,350
vnm,1688,10892,104,224
vnm,1693,4007,104,941
vnm,1686,11996,104,427
vnm,1695,2411,104,2625
vnm,1689,10309,104,302
vnm,1692,6448,104,1142
vnm,1684,6731,104,492
vnm,1687,11953,104,370
vnm,1685,6332,104,239
vnm,1696,3772,104,1995
vnm,1683,5613,104,1434
vnm,1694,1163,104,1215
vnm,1726,5959,104,1638
vnm,1691,3588,104,2734
vnm,1727,1966,106,4033
vnm,1725,5281,106,4681
vnm,1723,2206,106,2993
vnm,1719,4098,106,948
vnm,1721,3387,106,2010
vnm,1718,2474,106,349
vnm,1724,5417,106,2179
vnm,1720,2524,106,2431
vnm,1722,1875,106,2274
vnm,1731,4298,106,2833
vnm,1749,3606,108,2986
vnm,1750,2790,108,1926
vnm,1746,2785,108,77
vnm,1779,7598,108,4443
vnm,1758,4006,108,1431
vnm,1748,5848,108,6346
vnm,1763,6687,108,954
vnm,1766,3822,108,1732
vnm,1772,2985,108,977
vnm,1751,2294,108,1970
vnm,1771,4641,108,618
vnm,1775,3967,108,976
vnm,1765,3616,108,3060
vnm,1770,4587,108,2697
vnm,1777,4588,108,1262
vnm,1760,1872,108,1912
vnm,1781,6120,108,3583
vnm,1754,2550,108,2192
vnm,1776,5351,108,2434
vnm,1782,4097,108,4432
vnm,1780,4802,108,2211
vnm,1757,3357,108,1317
vnm,1759,2811,108,1340
vnm,1768,1364,108,6914
vnm,1764,2667,108,1050
vnm,1753,7265,108,5835
vnm,1762,5031,108,1187
vnm,1755,6613,108,2150
vnm,1869,8047,112,3217
vnm,1858,3106,112,1350
vnm,1859,2760,112,1777
vnm,1856,3127,112,3444
vnm,1861,2697,112,1226
vnm,1857,2653,112,899
vnm,1860,4253,112,1315
vnm,1864,3293,112,1331
vnm,1862,4750,112,1356
vnm,1845,4199,112,4585
vnm,1844,3630,112,3241
vnm,1870,2798,112,3775
vnm,1863,2795,112,4165
vnm,1850,5456,112,1735
vnm,1852,6774,112,2630
vnm,1853,2591,112,1126
vnm,1843,5680,112,5307
vnm,1866,2325,112,6350
vnm,1849,7410,112,1821
vnm,1868,6302,112,3777
vnm,1851,7570,112,1838
vnm,1846,4776,112,1524
vnm,1842,4528,112,202
vnm,1847,6256,112,3799
vnm,1848,4232,112,2099
vnm,1865,3795,112,818
vnm,1854,7643,112,1792
vnm,1867,5733,112,2751
vnm,1855,6273,112,2546
vnm,1896,6555,114,3682
vnm,1895,2692,114,2976
vnm,1887,4057,114,1462
vnm,1884,5805,114,669
vnm,1892,1387,114,2375
vnm,1893,5444,114,5748
vnm,1888,3817,114,4675
vnm,1891,3338,114,1349
vnm,1889,1632,114,976
vnm,1890,1737,114,1745
vnm,1885,3654,114,2001
vnm,1886,7436,114,4386
vnm,1747,2093,114,363
vnm,1778,5125,114,2850
vnm,1894,4535,114,1693
vnm,1756,4726,107,2475
vnm,1739,4825,107,4110
vnm,1769,5192,107,895
vnm,1740,4412,107,1736
vnm,1761,4022,107,2033
vnm,1741,2773,107,1184
vnm,1774,3983,107,2115
vnm,1735,7573,107,2200
vnm,1734,4114,107,4390
vnm,1742,4210,107,1594
vnm,1767,3883,107,2153
vnm,1728,13919,107,2157
vnm,1738,5430,107,1067
vnm,1752,5450,107,3359
vnm,1737,4854,107,2363
vnm,1743,3846,107,1108
vnm,1773,3817,107,884
vnm,1744,4000,107,3484
vnm,1736,2377,107,3800
vnm,1745,4706,107,1524
vnm,1825,1591,111,2352
vnm,1829,2338,111,3309
vnm,1836,3736,111,2174
vnm,1828,2368,111,7576
vnm,1827,1526,111,3319
vnm,1824,3595,111,2875
vnm,1820,5780,111,1372
vnm,1837,2777,111,2185
vnm,1839,3460,111,4296
vnm,1832,1393,111,2996
vnm,2597,4444,154,4637
vnm,9158,17381,548,1781
vnm,9211,14410,553,3699
vnm,9210,19505,553,3816
vnm,9208,45196,553,3261
vnm,9203,28560,553,2880
vnm,9206,12003,553,3434
vnm,9209,7076,553,3343
vnm,9205,14361,553,1859
vnm,9204,12785,553,2379
vnm,9207,16303,553,2650
vnm,9212,8399,553,3806
vnm,7389,1225,403,14957
vnm,11068,6804,703,1065
vnm,11069,9062,703,944
vnm,11121,7984,708,478
vnm,11126,7232,708,1094
vnm,11151,12977,710,5912
vnm,589,1713,38,2854
vnm,568,1893,37,2560
vnm,567,1712,37,4514
vnm,506,1348,33,2382
vnm,509,1274,33,3791
vnm,532,1854,34,1668
vnm,8291,10240,474,9798
vnm,8374,6718,480,7274
vnm,10322,9314,632,643
vnm,10312,8212,632,352
vnm,10390,15887,639,1857
vnm,10342,18981,636,1993
vnm,10351,7390,636,2169
vnm,6871,10964,363,85
vnm,8096,2918,459,2502
vnm,8136,8288,462,21950
vnm,3760,7038,211,779
vnm,3662,3502,207,548
vnm,1834,1626,111,735
vnm,1838,1676,111,1959
vnm,1823,2917,111,2448
vnm,1822,1891,111,3790
vnm,1830,2501,111,2094
vnm,1840,1813,111,2690
vnm,1835,2642,111,2682
vnm,1714,2286,111,4492
vnm,1821,1228,111,3498
vnm,1826,1120,111,1655
vnm,1833,575,111,2326
vnm,1831,2808,111,2506
vnm,1841,3141,111,4370
vnm,1813,1449,110,1764
vnm,1806,3726,110,1520
vnm,1815,2364,110,2197
vnm,1811,6308,110,2828
vnm,1819,3390,110,2502
vnm,1817,3247,110,2060
vnm,1812,2281,110,2663
vnm,1801,3703,110,4147
vnm,1805,4701,110,1981
vnm,1796,4547,110,477
vnm,1816,1574,110,2536
vnm,1810,6175,110,3997
vnm,1818,1552,110,4745
vnm,1797,1439,110,2820
vnm,1803,4319,110,1582
vnm,1800,7152,110,4708
vnm,1799,4047,110,4389
vnm,1802,4784,110,2422
vnm,1814,1913,110,1092
vnm,1804,1588,110,3266
vnm,1808,3738,110,2183
vnm,1809,6642,110,3295
vnm,1798,2345,110,3999
vnm,1807,2604,110,1048
vnm,1875,6325,113,3478
vnm,1876,4476,113,3262
vnm,1880,3743,113,1931
vnm,1877,3145,113,2817
vnm,1871,5195,113,257
vnm,1873,1539,113,1619
vnm,1874,4493,113,4019
vnm,1872,2105,113,3694
vnm,1878,5317,113,3804
vnm,1883,8156,113,3081
vnm,1881,3020,113,1488
vnm,1879,5968,113,3729
vnm,1882,5741,113,2131
vnm,4151,9222,236,868
vnm,4153,7611,236,903
vnm,4154,6922,236,833
vnm,4164,4547,236,588
vnm,4163,6189,236,735
vnm,4166,5286,236,729
vnm,4155,8573,236,735
vnm,4171,5146,236,671
vnm,4167,7803,236,872
vnm,4170,4047,236,420
vnm,4169,4037,236,538
vnm,4160,6082,236,654
vnm,4165,6181,236,906
vnm,4152,7933,236,962
vnm,4161,6532,236,806
vnm,4158,5665,236,670
vnm,4156,4517,236,571
vnm,4168,4712,236,574
vnm,4157,6999,236,718
vnm,4162,4946,236,697
vnm,4159,9749,236,912
vnm,4089,9686,231,363
vnm,4098,7276,231,464
vnm,4093,4303,231,250
vnm,4096,4281,231,425
vnm,4088,10386,231,404
vnm,4233,4045,231,476
vnm,4215,4453,231,602
vnm,4087,8905,231,629
vnm,4090,5932,231,88
vnm,4095,8387,231,688
vnm,4091,5177,231,163
vnm,4214,6353,231,628
vnm,4231,5139,231,307
vnm,4097,8751,231,887
vnm,4092,7384,231,52
vnm,4232,4674,231,566
vnm,4094,8998,231,678
vnm,4180,6978,237,587
vnm,4182,6629,237,506
vnm,4174,8345,237,617
vnm,4192,5362,237,416
vnm,4175,5406,237,455
vnm,4193,6977,237,416
vnm,4191,7012,237,636
vnm,4184,5010,237,453
vnm,4183,9435,237,552
vnm,4181,9271,237,729
vnm,4190,4418,237,398
vnm,4173,8646,237,636
vnm,4185,8511,237,667
vnm,4176,6339,237,494
vnm,4172,7990,237,543
vnm,4187,5684,237,590
vnm,4196,4901,237,399
vnm,4177,5039,237,413
vnm,4188,10673,237,1085
vnm,4179,10131,237,626
vnm,4186,10106,237,680
vnm,4178,13027,237,1324
vnm,4195,5976,237,484
vnm,4194,6920,237,511
vnm,4189,7341,237,790
vnm,4205,6483,238,809
vnm,4203,6276,238,695
vnm,4209,7640,238,737
vnm,4213,8251,238,898
vnm,4210,6020,238,882
vnm,4197,9750,238,851
vnm,4208,5458,238,660
vnm,4211,6668,238,789
vnm,4198,6468,238,569
vnm,4206,4249,238,393
vnm,4201,7608,238,820
vnm,4207,6200,238,492
vnm,4204,6545,238,879
vnm,4202,6458,238,415
vnm,4199,9583,238,893
vnm,4200,6594,238,710
vnm,4212,5779,238,629
vnm,4145,6777,235,572
vnm,4138,13920,235,697
vnm,4140,10952,235,1029
vnm,4144,11963,235,812
vnm,4141,8148,235,892
vnm,4142,9329,235,889
vnm,4150,4422,235,538
vnm,4146,8588,235,642
vnm,4149,6063,235,626
vnm,4143,12512,235,732
vnm,4139,8209,235,902
vnm,4147,5955,235,523
vnm,4148,4619,235,482
vnm,4241,9760,240,1249
vnm,4239,8354,240,1247
vnm,4238,4553,240,720
vnm,4235,4869,240,663
vnm,4245,4546,240,754
vnm,4246,4774,240,657
vnm,4242,4398,240,621
vnm,4236,4454,240,770
vnm,4237,6282,240,815
vnm,4240,5938,240,927
vnm,4247,6148,240,942
vnm,4244,4677,240,681
vnm,4243,4048,240,579
vnm,4234,6081,240,580
vnm,4222,8112,239,695
vnm,4229,6502,239,746
vnm,4220,8271,239,615
vnm,4223,4255,239,514
vnm,4225,5506,239,598
vnm,4217,5996,239,823
vnm,4221,5661,239,793
vnm,4230,4204,239,436
vnm,4218,5054,239,786
vnm,4219,7199,239,689
vnm,4228,5970,239,578
vnm,4226,8387,239,705
vnm,4227,6804,239,548
vnm,4224,4810,239,653
vnm,4216,5174,239,310
vnm,4112,6682,233,490
vnm,4117,10572,233,732
vnm,4115,13689,233,1020
vnm,4120,10087,233,766
vnm,4114,10272,233,978
vnm,4113,6518,233,491
vnm,4118,13394,233,1212
vnm,4119,7555,233,421
vnm,4110,11100,233,766
vnm,4116,13838,233,802
vnm,4111,15639,233,551
vnm,4101,8531,232,746
vnm,4102,10467,232,1005
vnm,4105,9634,232,505
vnm,4100,15855,232,1019
vnm,4109,12845,232,738
vnm,4107,8763,232,1016
vnm,4106,11519,232,962
vnm,4099,20369,232,881
vnm,4104,12753,232,713
vnm,4108,11798,232,385
vnm,4103,9119,232,972
vnm,4124,11860,234,1000
vnm,4122,9710,234,735
vnm,4127,7656,234,713
vnm,4126,16069,234,759
vnm,4136,6603,234,911
vnm,4134,4687,234,392
vnm,4125,6501,234,593
vnm,4123,6445,234,428
vnm,4128,9942,234,658
vnm,4137,7753,234,433
vnm,4129,9516,234,695
vnm,4132,11805,234,1005
vnm,4135,8266,234,368
vnm,4131,4104,234,327
vnm,4133,5861,234,392
vnm,4121,14162,234,483
vnm,4130,13664,234,1042
vnm,7654,5133,422,2437
vnm,7656,4680,422,2278
vnm,7650,16382,422,1782
vnm,7646,2991,422,3970
vnm,7647,6355,422,1316
vnm,7649,3228,422,1894
vnm,7651,5169,422,2290
vnm,7645,13549,422,4156
vnm,7652,6439,422,10115
vnm,7644,8729,422,3357
vnm,7653,13672,422,2345
vnm,7648,1079,422,6308
vnm,7735,10495,422,11830
vnm,7736,9490,422,8753
vnm,7640,11683,421,538
vnm,7661,5362,421,469
vnm,7660,1997,421,2269
vnm,7638,7325,421,492
vnm,7642,8148,421,98
vnm,7643,9200,421,161
vnm,7635,14578,421,12058
vnm,7639,8653,421,706
vnm,7657,12849,421,8249
vnm,7636,11844,421,1501
vnm,7637,6599,421,605
vnm,7659,7206,421,2989
vnm,7658,5461,421,3716
vnm,7655,5119,421,1658
vnm,7641,9430,421,152
vnm,7730,11186,426,997
vnm,7731,3863,426,578
vnm,7721,3319,426,1948
vnm,7718,11510,426,3861
vnm,7727,5554,426,889
vnm,7716,19665,426,378
vnm,7725,9496,426,484
vnm,7732,3209,426,984
vnm,7717,4745,426,8607
vnm,7722,10869,426,746
vnm,7724,6757,426,532
vnm,7720,11728,426,2822
vnm,7726,2992,426,5172
vnm,7728,6192,426,391
vnm,7723,4815,426,2754
vnm,7729,7152,426,698
vnm,7719,4855,426,3037
vnm,7733,9173,426,1948
vnm,7734,4847,426,3127
vnm,7743,5227,427,4644
vnm,7744,1449,427,5148
vnm,7741,3200,427,5690
vnm,7740,1800,427,4068
vnm,7739,3258,427,6221
vnm,7742,2412,427,3967
vnm,7738,3184,427,8769
vnm,7737,4548,427,1997
vnm,7711,2599,425,2270
vnm,7710,1667,425,5355
vnm,7704,4770,425,10523
vnm,7706,3275,425,6809
vnm,7703,3699,425,19340
vnm,7708,2042,425,5000
vnm,7714,3537,425,18739
vnm,7713,1978,425,6855
vnm,7707,2567,425,24878
vnm,7705,3041,425,20956
vnm,7702,4713,425,1066
vnm,7712,1922,425,6815
vnm,7715,2399,425,7419
vnm,7709,1199,425,2931
vnm,7620,8878,420,142
vnm,7611,23929,420,284
vnm,7634,28997,420,6359
vnm,7618,21214,420,269
vnm,7623,10741,420,126
vnm,7625,31663,420,441
vnm,7619,14240,420,54
vnm,7621,7366,420,34
vnm,7616,8323,420,38
vnm,7617,7724,420,46
vnm,7622,9948,420,74
vnm,7615,8769,420,47
vnm,7614,9095,420,35
vnm,7609,23988,420,491
vnm,7632,11878,420,293
vnm,7608,21915,420,1400
vnm,7627,15585,420,5466
vnm,7629,25420,420,899
vnm,7624,19021,420,4343
vnm,7610,20896,420,152
vnm,7628,15883,420,3808
vnm,7630,15980,420,367
vnm,7612,9414,420,57
vnm,7633,12495,420,1193
vnm,7626,16396,420,249
vnm,7631,8955,420,909
vnm,7613,4123,420,50
vnm,7679,12414,424,4492
vnm,7691,11169,424,1616
vnm,7689,10718,424,1577
vnm,7686,8957,424,1972
vnm,7687,5813,424,996
vnm,7696,8335,424,616
vnm,7680,8007,424,662
vnm,7697,7463,424,685
vnm,7675,20069,424,706
vnm,7698,6222,424,3631
vnm,7700,8789,424,6402
vnm,7699,8522,424,2748
vnm,7690,11592,424,976
vnm,7693,6441,424,6329
vnm,7692,6377,424,4174
vnm,7695,12114,424,2149
vnm,7683,9351,424,4186
vnm,7676,5597,424,19539
vnm,7694,3069,424,9334
vnm,7677,4680,424,33473
vnm,7681,7154,424,2887
vnm,7688,11839,424,1795
vnm,7685,9198,424,1991
vnm,7678,5645,424,8869
vnm,7682,6313,424,2097
vnm,7701,1833,424,5260
vnm,7684,10676,424,6730
vnm,7663,8376,423,2274
vnm,7666,8448,423,6669
vnm,7662,19447,423,242
vnm,7674,11755,423,5347
vnm,7668,7931,423,4897
vnm,7665,8463,423,3345
vnm,7670,12022,423,7284
vnm,7669,12255,423,7963
vnm,7664,7318,423,2667
vnm,7672,6521,423,13744
vnm,7671,18369,423,1832
vnm,7667,4227,423,2359
vnm,7673,4089,423,4156
vnm,10683,16165,661,3332
vnm,10684,12137,661,5439
vnm,10680,14805,661,2874
vnm,10681,12920,661,557
vnm,10682,7567,661,587
vnm,10679,14764,661,678
vnm,10677,13822,661,687
vnm,10678,10541,661,927
vnm,10676,11808,661,1696
vnm,10689,20569,662,2707
vnm,10693,9901,662,980
vnm,10694,7584,662,688
vnm,10695,9779,662,3220
vnm,10691,10629,662,1788
vnm,10692,10539,662,458
vnm,10687,6642,662,256
vnm,10688,14453,662,909
vnm,10696,10653,662,278
vnm,10697,8412,662,447
vnm,10698,5904,662,1709
vnm,10644,19896,658,3552
vnm,10640,16398,658,4627
vnm,10643,19919,658,5326
vnm,10636,22147,658,2203
vnm,10639,8041,658,1721
vnm,10637,9787,658,4011
vnm,10638,14051,658,2285
vnm,10645,16509,658,3685
vnm,10641,17507,658,2015
vnm,10642,14277,658,1882
vnm,10653,12846,659,3720
vnm,10652,11891,659,2511
vnm,10646,19757,659,2614
vnm,10659,10167,659,3130
vnm,10657,11190,659,4863
vnm,10658,10442,659,5222
vnm,10663,13979,659,5115
vnm,10660,18302,659,5025
vnm,10655,11801,659,3183
vnm,10664,11511,659,3511
vnm,10654,9420,659,2894
vnm,10656,9196,659,4404
vnm,10651,8484,659,2562
vnm,10650,7791,659,2522
vnm,10647,16236,659,3456
vnm,10649,14338,659,8198
vnm,10648,8371,659,4952
vnm,10662,7876,659,2661
vnm,10661,10098,659,3292
vnm,10603,3954,667,4669
vnm,10604,5292,667,4588
vnm,10602,5958,667,5428
vnm,10601,6584,667,12127
vnm,10600,7233,667,14574
vnm,10669,17730,660,4200
vnm,10667,15047,660,5924
vnm,10665,9917,660,2325
vnm,10668,16022,660,4993
vnm,10670,11138,660,3803
vnm,10666,13476,660,5695
vnm,10671,15193,660,5483
vnm,10672,8186,660,4265
vnm,10673,7439,660,2855
vnm,10675,6813,660,2368
vnm,10674,10876,660,4291
vnm,10593,10353,654,163
vnm,10592,7631,654,763
vnm,10595,7569,654,1419
vnm,10594,7362,654,947
vnm,10597,6766,654,1113
vnm,10596,1682,654,130
vnm,10591,6781,654,337
vnm,10614,14851,656,17396
vnm,10613,13928,656,19654
vnm,10611,12461,656,3571
vnm,10621,9349,656,3141
vnm,10617,12580,656,11956
vnm,10623,17510,656,4001
vnm,10624,4732,656,5029
vnm,10615,3557,656,8658
vnm,10620,6418,656,4326
vnm,10616,10744,656,17370
vnm,10612,15878,656,2647
vnm,10619,8419,656,3735
vnm,10618,10994,656,5926
vnm,10622,14036,656,5637
vnm,10722,4087,665,646
vnm,10720,3773,665,485
vnm,10721,6235,665,1197
vnm,10723,3348,665,120
vnm,10607,11861,655,3551
vnm,10608,6114,655,3098
vnm,10606,7483,655,1247
vnm,10605,9811,655,9206
vnm,10610,2434,655,358
vnm,10599,8382,655,18521
vnm,10598,30532,655,2610
vnm,10609,2495,655,239
vnm,10711,30684,664,2893
vnm,10718,4026,664,11449
vnm,10712,5862,664,3728
vnm,10714,19763,664,21972
vnm,10710,44753,664,1414
vnm,10716,16241,664,9237
vnm,10713,9210,664,7152
vnm,10715,10691,664,6591
vnm,10717,1950,664,578
vnm,10719,1904,664,1450
vnm,10586,19158,653,477
vnm,10585,26120,653,660
vnm,10590,14272,653,5219
vnm,10587,15854,653,356
vnm,10583,14996,653,114
vnm,10582,17032,653,1041
vnm,10584,24686,653,312
vnm,10588,8076,653,384
vnm,10581,37541,653,1041
vnm,10580,18990,653,103
vnm,10579,10687,653,52
vnm,10589,9586,653,1324
vnm,10633,7598,657,4085
vnm,10626,13640,657,5051
vnm,10625,17892,657,3676
vnm,10632,11115,657,4606
vnm,10628,7815,657,3815
vnm,10629,6287,657,3964
vnm,10627,8854,657,3976
vnm,10631,15412,657,5871
vnm,10634,16212,657,5245
vnm,10630,7588,657,3353
vnm,10635,12488,657,5234
vnm,10690,10871,666,14887
vnm,10701,9694,666,2707
vnm,10705,19100,666,14692
vnm,10685,9640,666,3325
vnm,10686,6797,666,2847
vnm,10700,6853,666,2946
vnm,10704,5772,663,666
vnm,10708,4701,663,574
vnm,10707,9265,663,2938
vnm,10702,14652,663,3273
vnm,10703,9121,663,684
vnm,10709,13593,663,3011
vnm,10699,12373,663,786
vnm,10706,11921,663,2284
vnm,7963,3690,446,15168
vnm,7958,6663,446,11232
vnm,7968,4446,446,10294
vnm,7967,5994,446,33880
vnm,7960,1239,446,14738
vnm,7969,6486,446,7712
vnm,7961,2128,446,19909
vnm,7962,8655,446,10842
vnm,7959,1382,446,17805
vnm,7965,3181,446,12613
vnm,7966,2598,446,9111
vnm,7964,1852,446,16815
vnm,8014,15643,451,2348
vnm,8017,8814,451,8357
vnm,8024,9494,451,6079
vnm,8020,7720,451,4791
vnm,8015,4662,451,29228
vnm,8018,5810,451,11671
vnm,8016,3790,451,9037
vnm,8019,4152,451,4447
vnm,8023,4433,451,3619
vnm,8022,4605,451,12935
vnm,8021,5142,451,6632
vnm,7988,3589,448,12714
vnm,7978,13292,448,4758
vnm,7990,4364,448,6088
vnm,7994,7260,448,5057
vnm,7992,4148,448,4020
vnm,7989,2885,448,6412
vnm,7995,3220,448,9385
vnm,7993,6007,448,5955
vnm,7991,2426,448,5503
vnm,8029,3908,454,49884
vnm,8031,2349,454,57537
vnm,8032,2740,454,26789
vnm,8005,4840,449,16852
vnm,7998,2259,449,15609
vnm,7999,1977,449,11856
vnm,8001,1553,449,18815
vnm,8006,3155,449,24829
vnm,8000,4036,449,17129
vnm,8004,2368,449,16589
vnm,8002,3476,449,29003
vnm,8003,2101,449,13509
vnm,8008,2727,450,38979
vnm,8011,2080,450,19797
vnm,8010,5129,450,7999
vnm,8007,5074,450,6067
vnm,8012,6754,450,12801
vnm,8009,2498,450,14716
vnm,8013,4009,450,8668
vnm,7955,3138,445,3475
vnm,7951,7672,445,4732
vnm,7947,5712,445,5150
vnm,7956,3903,445,2963
vnm,7953,3798,445,2554
vnm,7954,3891,445,2670
vnm,7938,14683,445,650
vnm,7957,6605,445,6731
vnm,7952,10457,445,7786
vnm,7948,4450,445,3082
vnm,7944,7139,445,505
vnm,7949,5784,445,2152
vnm,7942,4814,445,769
vnm,7945,5028,445,520
vnm,7937,17885,445,401
vnm,7939,8280,445,129
vnm,7941,13062,445,483
vnm,7943,9863,445,484
vnm,7946,6719,445,760
vnm,7940,10547,445,619
vnm,7950,10198,445,2526
vnm,7971,4678,447,16661
vnm,7972,5509,447,10403
vnm,7975,4982,447,11201
vnm,7973,3783,447,11315
vnm,7974,6988,447,14831
vnm,7976,8271,447,10567
vnm,7970,17704,447,2910
vnm,7977,5904,447,21671
vnm,8028,6678,452,7078
vnm,8030,5204,452,46388
vnm,8026,5337,452,36008
vnm,8035,4558,452,4543
vnm,8034,2783,452,3997
vnm,8027,3149,452,6575
vnm,8033,2210,452,7961
vnm,8025,10792,452,1759
vnm,8038,1941,452,3634
vnm,8037,1434,452,21069
vnm,8036,5517,452,5668
vnm,7987,4448,453,11475
vnm,7980,2778,453,10358
vnm,7984,3919,453,8374
vnm,7983,3123,453,10597
vnm,7985,3658,453,7686
vnm,7981,1916,453,5387
vnm,7979,1657,453,11166
vnm,7982,1647,453,16179
vnm,7996,1636,453,5551
vnm,7986,1335,453,6789
vnm,7997,1053,453,10079
vnm,2195,4556,130,415
vnm,2201,2227,130,2240
vnm,2208,3223,130,4386
vnm,2206,2368,130,2069
vnm,2199,4291,130,3422
vnm,2202,2060,130,1459
vnm,2203,4527,130,5592
vnm,2196,4354,130,4157
vnm,2212,4221,130,5341
vnm,2214,4055,130,8659
vnm,2198,2019,130,1828
vnm,2207,2311,130,3854
vnm,2204,2552,130,3002
vnm,2213,2163,130,3999
vnm,2200,4270,130,8797
vnm,2210,6604,130,11176
vnm,2197,1632,130,5074
vnm,2211,5449,130,4965
vnm,2209,5337,130,5154
vnm,2205,2944,130,2283
vnm,2108,3071,126,386
vnm,2126,1326,126,4247
vnm,2113,3531,126,8519
vnm,2125,2536,126,4790
vnm,2121,1430,126,6492
vnm,2111,3418,126,14242
vnm,2120,3142,126,5086
vnm,2109,2006,126,4898
vnm,2118,2502,126,7901
vnm,2122,1734,126,4343
vnm,2116,3027,126,6765
vnm,2112,1812,126,10050
vnm,2123,1121,126,7661
vnm,2127,3998,126,4967
vnm,2115,2963,126,10738
vnm,2119,2310,126,6911
vnm,2117,3273,126,10195
vnm,2124,5074,126,3313
vnm,2110,881,126,6256
vnm,2114,2927,126,9486
vnm,2150,3101,128,5090
vnm,2159,1908,128,1869
vnm,2149,8412,128,353
vnm,2152,3291,128,7282
vnm,2164,1316,128,4344
vnm,2148,8725,128,570
vnm,2165,5226,128,4130
vnm,2160,1795,128,3683
vnm,2155,3047,128,1339
vnm,2162,3408,128,1143
vnm,2161,2584,128,2657
vnm,2157,1770,128,3868
vnm,2166,391,128,2922
vnm,2158,2644,128,1595
vnm,2163,974,128,974
vnm,2168,3642,128,1767
vnm,2170,3741,128,4920
vnm,2153,2811,128,4408
vnm,2156,4793,128,2874
vnm,2151,1485,128,4658
vnm,2154,5677,128,9183
vnm,2167,2406,128,2939
vnm,2169,5557,128,4672
vnm,2246,1995,132,4123
vnm,2249,2423,132,3983
vnm,2251,2234,132,2787
vnm,2242,6143,132,2558
vnm,2261,5111,132,3110
vnm,2247,3533,132,5076
vnm,2241,6011,132,616
vnm,2245,3924,132,5185
vnm,2258,2627,132,10417
vnm,2256,2680,132,2822
vnm,2253,1667,132,4869
vnm,2254,822,132,1653
vnm,2248,3446,132,4116
vnm,2252,2455,132,2811
vnm,2259,3666,132,6951
vnm,2257,6909,132,3783
vnm,2250,2725,132,2778
vnm,2255,5838,132,7227
vnm,2243,3620,132,4021
vnm,2244,2431,132,3550
vnm,2260,3579,132,5849
vnm,2302,1492,134,7267
vnm,2293,1447,134,19442
vnm,2294,3624,134,17923
vnm,2299,1594,134,12221
vnm,2298,1425,134,9828
vnm,2301,435,134,6719
vnm,2291,4565,134,779
vnm,2296,3940,134,16582
vnm,2295,2507,134,19823
vnm,2300,3483,134,17330
vnm,2292,1575,134,1443
vnm,2297,2136,134,19380
vnm,2229,4829,131,3084
vnm,2228,7174,131,3292
vnm,2232,3640,131,2580
vnm,2233,4316,131,3442
vnm,2237,4731,131,1897
vnm,2216,3471,131,8355
vnm,2215,9903,131,577
vnm,2219,2521,131,4710
vnm,2230,4834,131,3413
vnm,2235,5349,131,6378
vnm,2240,7004,131,7621
vnm,2239,2568,131,1796
vnm,2236,8832,131,4349
vnm,2225,3210,131,3049
vnm,2226,3975,131,2492
vnm,2218,3981,131,3545
vnm,2238,4518,131,716
vnm,2223,2261,131,2727
vnm,2234,7698,131,5365
vnm,2227,2957,131,2830
vnm,2222,3062,131,3357
vnm,2231,4014,131,1127
vnm,2217,4907,131,6754
vnm,2221,2634,131,6256
vnm,2220,4209,131,6924
vnm,2224,2923,131,3914
vnm,2081,14448,124,453
vnm,2080,13477,124,241
vnm,2082,13853,124,3162
vnm,2077,14225,124,206
vnm,2084,8402,124,1560
vnm,2083,4359,124,3429
vnm,2078,13169,124,248
vnm,2079,15763,124,170
vnm,2290,1993,133,12297
vnm,2265,1247,133,1583
vnm,2271,3580,133,1202
vnm,2284,4775,133,6712
vnm,2270,2803,133,2653
vnm,2286,2510,133,11477
vnm,2280,1801,133,2092
vnm,2275,5263,133,3290
vnm,2263,9201,133,425
vnm,2287,2639,133,9188
vnm,2277,1327,133,1630
vnm,2264,1233,133,7106
vnm,2285,1878,133,4513
vnm,2262,8247,133,1285
vnm,2288,2364,133,7759
vnm,2276,1292,133,1031
vnm,2281,1558,133,1860
vnm,2282,1983,133,2505
vnm,2283,2841,133,7839
vnm,2273,1955,133,6080
vnm,2278,1986,133,5809
vnm,2274,6802,133,2982
vnm,2269,3708,133,6633
vnm,2272,1959,133,1955
vnm,2289,1559,133,5790
vnm,2266,961,133,860
vnm,2268,1280,133,1290
vnm,2279,1540,133,988
vnm,2267,3532,133,3269
vnm,2104,847,125,2816
vnm,2090,579,125,3848
vnm,2098,3473,125,3723
vnm,2091,1555,125,6479
vnm,2100,8492,125,3462
vnm,2102,4331,125,5024
vnm,2095,763,125,5806
vnm,2101,2052,125,8573
vnm,2087,1245,125,6371
vnm,2105,3839,125,4431
vnm,2107,1626,125,3700
vnm,2103,2551,125,3715
vnm,2086,693,125,5752
vnm,2097,1945,125,7455
vnm,2088,5944,125,8448
vnm,2106,2982,125,5746
vnm,2096,1312,125,7169
vnm,2093,2606,125,9246
vnm,2094,992,125,8624
vnm,2085,4411,125,109
vnm,2092,5221,125,5852
vnm,2099,1046,125,6677
vnm,2089,504,125,3740
vnm,2135,908,127,2227
vnm,2131,1227,127,4931
vnm,2140,2224,127,6514
vnm,2145,1662,127,1946
vnm,2137,2642,127,5395
vnm,2146,2628,127,2211
vnm,2139,4991,127,4386
vnm,2128,3612,127,174
vnm,2143,1695,127,2859
vnm,2147,1272,127,1866
vnm,2138,2315,127,2193
vnm,2144,7615,127,5040
vnm,2134,980,127,3352
vnm,2142,3974,127,3145
vnm,2130,1266,127,3375
vnm,2132,1614,127,3742
vnm,2141,1549,127,3269
vnm,2136,2721,127,4732
vnm,2129,1655,127,5028
vnm,2133,2239,127,3701
vnm,2190,2358,129,3028
vnm,2183,2071,129,1969
vnm,2181,1976,129,2526
vnm,2185,2156,129,2298
vnm,2194,2233,129,5801
vnm,2178,1183,129,2877
vnm,2182,1652,129,1150
vnm,2184,2344,129,4649
vnm,2173,790,129,2239
vnm,2175,1192,129,1437
vnm,2189,2506,129,2579
vnm,2172,2263,129,4090
vnm,2187,1960,129,2277
vnm,2192,3234,129,5160
vnm,2188,1662,129,2158
vnm,2191,4164,129,6052
vnm,2179,2595,129,6099
vnm,2180,2503,129,1258
vnm,2176,1358,129,1337
vnm,2171,4844,129,1477
vnm,2174,996,129,1058
vnm,2177,1509,129,1730
vnm,2186,1578,129,1745
vnm,2193,4419,129,3517
vnm,1194,6628,75,183
vnm,1203,6770,75,552
vnm,1200,2341,75,3486
vnm,1191,2796,75,549
vnm,1193,4565,75,278
vnm,1204,4775,75,3099
vnm,1192,12233,75,615
vnm,1226,3438,77,11240
vnm,1222,3335,77,16912
vnm,1216,2763,77,20062
vnm,1228,1959,77,29090
vnm,1221,2260,77,47842
vnm,1213,5606,77,1381
vnm,1219,4197,77,22626
vnm,1223,1577,77,13071
vnm,1218,3521,77,41752
vnm,1220,2822,77,30338
vnm,1217,1861,77,11551
vnm,1225,7200,77,64351
vnm,1215,2252,77,14344
vnm,1227,2704,77,10183
vnm,1224,2096,82,32755
vnm,1234,1305,82,3571
vnm,1229,2821,82,22942
vnm,1242,2119,82,15348
vnm,1230,3397,82,24160
vnm,1232,4455,82,21458
vnm,1231,2635,82,17823
vnm,1214,2933,82,2322
vnm,1237,2329,82,9674
vnm,1235,1262,82,10800
vnm,1243,1606,82,10341
vnm,1271,7915,79,13097
vnm,1269,8214,79,8779
vnm,1272,3914,79,7867
vnm,1238,7365,79,16180
vnm,1273,3837,79,3093
vnm,1196,3103,79,9595
vnm,1263,2482,79,2845
vnm,1264,1954,79,1227
vnm,1270,2741,79,6884
vnm,1268,2975,79,4222
vnm,1275,5911,79,4352
vnm,1274,6662,79,15816
vnm,1265,2073,79,5230
vnm,1261,5185,79,4964
vnm,1262,4078,79,5930
vnm,1276,4651,79,11537
vnm,1267,2208,79,4030
vnm,1266,3568,79,3354
vnm,1257,4148,78,9713
vnm,1236,2885,78,10513
vnm,1241,4675,78,7989
vnm,1254,3704,78,15499
vnm,1246,3606,78,11202
vnm,1245,3945,78,6103
vnm,1252,3564,78,7351
vnm,1259,4635,78,10970
vnm,1260,5458,78,10184
vnm,1256,1776,78,2808
vnm,1249,4536,78,11630
vnm,1255,6772,78,7905
vnm,1253,2263,78,7675
vnm,1239,4308,78,14231
vnm,1244,2769,78,5470
vnm,1240,2957,78,7695
vnm,1251,1574,78,4740
vnm,1248,2095,78,7760
vnm,1233,4340,78,1390
vnm,1250,4242,78,8154
vnm,1247,3177,78,5264
vnm,1258,5429,78,11839
vnm,1210,5058,76,9547
vnm,1208,3570,76,4419
vnm,1209,2596,76,6865
vnm,1205,5024,76,5655
vnm,1201,3757,76,4670
vnm,1202,2986,76,5294
vnm,1212,5281,76,11980
vnm,1211,3630,76,2827
vnm,1207,3049,76,4528
vnm,1206,3949,76,13645
vnm,1198,1968,76,2791
vnm,1199,4270,76,6363
vnm,1195,7193,76,2383
vnm,1197,3133,76,4940
vnm,1283,3353,81,9100
vnm,1279,7242,81,10461
vnm,1284,2183,81,16179
vnm,1285,8153,81,19888
vnm,1286,6321,81,12165
vnm,1280,4254,81,10701
vnm,1289,1525,81,11994
vnm,1278,13814,81,8877
vnm,1281,3776,81,3680
vnm,1282,6927,81,7925
vnm,1293,3249,80,2754
vnm,1298,4635,80,11985
vnm,1292,6560,80,5329
vnm,1295,11110,80,7319
vnm,1290,2570,80,9142
vnm,1288,8611,80,5108
vnm,1291,952,80,15900
vnm,1287,10220,80,7809
vnm,1297,5344,80,11479
vnm,1294,2408,80,8704
vnm,1296,4161,80,7002
vnm,1277,7009,80,1129
vnm,8536,11373,496,619
vnm,8542,10961,496,7055
vnm,8538,10019,496,3850
vnm,8541,16593,496,4223
vnm,8540,9922,496,1867
vnm,8532,20972,496,2866
vnm,8537,19116,496,1435
vnm,8539,10765,496,2524
vnm,8533,14414,496,1484
vnm,8535,12802,496,460
vnm,8534,20504,496,832
vnm,8622,3282,503,9692
vnm,8627,17259,503,5725
vnm,8618,4709,503,28810
vnm,8621,4782,503,31344
vnm,8626,6308,503,4464
vnm,8619,2196,503,15063
vnm,8630,12727,503,8184
vnm,8623,13718,503,11446
vnm,8620,3141,503,14058
vnm,8624,3941,503,3223
vnm,8625,7250,503,15868
vnm,8617,19389,503,8693
vnm,8629,15063,503,9728
vnm,8628,3499,503,3127
vnm,8652,9096,506,2210
vnm,8662,1790,506,10618
vnm,8660,2467,506,1260
vnm,8655,3909,506,3115
vnm,8657,919,506,1667
vnm,8656,1977,506,2312
vnm,8659,6680,506,1917
vnm,8654,2615,506,17281
vnm,8661,1601,506,767
vnm,8653,2645,506,6255
vnm,8658,1205,506,1634
vnm,8631,4171,504,4900
vnm,8633,1013,504,10171
vnm,8636,3043,504,2624
vnm,8637,3697,504,10955
vnm,8635,1231,504,5314
vnm,8639,1725,504,4599
vnm,8634,3240,504,5124
vnm,8632,8830,504,2952
vnm,8638,3862,504,2447
vnm,8640,2839,504,9552
vnm,8642,3668,505,8075
vnm,8650,4205,505,4386
vnm,8646,2548,505,3223
vnm,8651,2032,505,6116
vnm,8641,15642,505,2927
vnm,8649,1548,505,500
vnm,8647,1865,505,2746
vnm,8644,3635,505,11901
vnm,8645,2141,505,7333
vnm,8643,3506,505,10230
vnm,8648,2174,505,3862
vnm,8587,7212,501,1954
vnm,8596,10679,501,6482
vnm,8594,5246,501,19986
vnm,8584,12428,501,7343
vnm,8586,16554,501,3434
vnm,8585,12579,501,4366
vnm,8583,46775,501,4257
vnm,8588,9138,501,3963
vnm,8592,13005,501,16209
vnm,8597,4942,501,3927
vnm,8591,21410,501,11974
vnm,8595,4015,501,4418
vnm,8593,6462,501,10740
vnm,8589,9763,501,2670
vnm,8590,5494,501,2530
vnm,8521,6446,495,135
vnm,8525,13889,495,1628
vnm,8526,11153,495,1973
vnm,8518,9553,495,1443
vnm,8520,15670,495,142
vnm,8527,17871,495,3220
vnm,8524,22924,495,3050
vnm,8523,14658,495,4092
vnm,8522,18692,495,205
vnm,8516,19840,495,4073
vnm,8517,26909,495,2049
vnm,8519,21007,495,537
vnm,8529,5194,495,5456
vnm,8530,5328,495,6546
vnm,8528,6755,495,7457
vnm,8531,6256,495,4148
vnm,8560,8320,497,6178
vnm,8548,3409,497,5858
vnm,8549,4538,497,6676
vnm,8555,7768,497,9979
vnm,8547,8377,497,17168
vnm,8554,7622,497,28301
vnm,8559,6282,497,12858
vnm,8556,7576,497,15463
vnm,8610,7349,502,27232
vnm,8598,24740,502,2048
vnm,8605,10353,502,3915
vnm,8607,13892,502,6309
vnm,8599,3552,502,8927
vnm,8616,3157,502,17111
vnm,8604,11019,502,5535
vnm,8609,6211,502,14493
vnm,8614,8625,502,13027
vnm,8613,8082,502,5148
vnm,8611,8972,502,2544
vnm,8612,2951,502,2230
vnm,8608,9585,502,10070
vnm,8615,3042,502,14300
vnm,8606,6749,502,33021
vnm,8602,9784,502,5190
vnm,8601,8379,502,7091
vnm,8603,6799,502,3927
vnm,8600,5691,502,6226
vnm,8573,14141,500,15312
vnm,8576,9618,500,3604
vnm,8578,12881,500,10421
vnm,8580,8628,500,4296
vnm,8577,9731,500,2494
vnm,8575,13792,500,12277
vnm,8582,5979,500,10479
vnm,8579,5353,500,1105
vnm,8574,13301,500,2508
vnm,8581,13270,500,8636
vnm,8544,1843,498,40153
vnm,8545,4889,498,28826
vnm,8551,5707,498,29514
vnm,8546,2190,498,22964
vnm,8543,10463,498,4365
vnm,8550,2610,498,29486
vnm,8562,13710,499,8563
vnm,8571,5731,499,5300
vnm,8553,20414,499,4067
vnm,8564,4713,499,4065
vnm,8565,5241,499,2377
vnm,8568,8293,499,3820
vnm,8570,9097,499,5614
vnm,8561,6904,499,5084
vnm,8552,9957,499,2443
vnm,8572,4225,499,2743
vnm,8558,5371,499,9141
vnm,8557,7939,499,20853
vnm,8563,7722,499,12785
vnm,8569,10622,499,3800
vnm,8566,12448,499,14914
vnm,8567,10842,499,4296
vnm,991,4329,61,5329
vnm,990,4861,61,3953
vnm,994,15630,61,9580
vnm,987,9687,61,11615
vnm,988,9156,61,1679
vnm,1000,1544,61,907
vnm,993,7989,61,5344
vnm,1001,10791,61,10664
vnm,996,3255,61,1957
vnm,999,4754,61,2432
vnm,989,4514,61,4241
vnm,992,8525,61,11513
vnm,998,3581,61,4207
vnm,997,11814,61,3651
vnm,995,11597,61,7400
vnm,1016,9459,62,8126
vnm,1011,5093,62,5514
vnm,1006,4093,62,5480
vnm,1010,7257,62,8554
vnm,1019,3163,62,7103
vnm,1018,1902,62,2987
vnm,1017,2971,62,4801
vnm,1012,2633,62,4259
vnm,1004,5468,62,4959
vnm,1002,9287,62,1568
vnm,1008,3444,62,3834
vnm,1003,2433,62,7326
vnm,1009,5724,62,8137
vnm,1014,2393,62,4065
vnm,1005,4619,62,7808
vnm,1007,8277,62,9413
vnm,1013,4403,62,5173
vnm,1015,2378,62,3329
vnm,986,1454,60,3947
vnm,968,1363,60,1870
vnm,976,2392,60,7205
vnm,975,3816,60,2123
vnm,983,6358,60,7698
vnm,966,5371,60,181
vnm,985,2922,60,4487
vnm,979,5927,60,6546
vnm,974,3286,60,4249
vnm,973,1860,60,2116
vnm,967,2634,60,3591
vnm,969,1595,60,2961
vnm,981,2804,60,5314
vnm,982,1793,60,3192
vnm,984,2828,60,7565
vnm,980,3185,60,4406
vnm,978,4390,60,2942
vnm,971,1807,60,3102
vnm,970,2608,60,3070
vnm,977,2942,60,649
vnm,972,3508,60,8303
vnm,917,2421,57,3210
vnm,915,2672,57,6889
vnm,925,6067,57,6649
vnm,923,4132,57,4342
vnm,928,1858,57,3345
vnm,914,5438,57,399
vnm,921,4509,57,9981
vnm,935,4738,57,2428
vnm,922,2259,57,5163
vnm,927,3827,57,2464
vnm,929,2187,57,3337
vnm,926,2258,57,3570
vnm,916,2663,57,6217
vnm,933,1918,57,4972
vnm,919,2200,57,2012
vnm,932,3410,57,3556
vnm,934,3066,57,8102
vnm,931,6214,57,3921
vnm,924,4911,57,9185
vnm,936,1743,57,3186
vnm,918,6244,57,9803
vnm,930,2341,57,18605
vnm,920,5031,57,10697
vnm,909,13432,56,1546
vnm,902,5089,56,437
vnm,905,9332,56,1097
vnm,900,9518,56,120
vnm,911,5627,56,1932
vnm,907,6396,56,1772
vnm,897,12724,56,459
vnm,913,4769,56,3380
vnm,901,16165,56,262
vnm,898,1891,56,374
vnm,910,6954,56,1378
vnm,899,10448,56,559
vnm,903,8633,56,218
vnm,912,6505,56,11161
vnm,906,1621,56,292
vnm,908,4249,56,2436
vnm,904,1487,56,382
vnm,949,6802,58,7224
vnm,952,3667,58,2812
vnm,947,3576,58,4209
vnm,941,3692,58,3777
vnm,950,3118,58,5761
vnm,945,3102,58,3652
vnm,948,5453,58,7492
vnm,940,9585,58,3534
vnm,944,3376,58,2726
vnm,943,3033,58,5909
vnm,937,3708,58,3326
vnm,942,2257,58,3445
vnm,938,3068,58,2698
vnm,951,2789,58,3627
vnm,946,3504,58,4987
vnm,939,2358,58,4315
vnm,1035,3040,63,14506
vnm,1021,2899,63,7103
vnm,1027,2049,63,3841
vnm,1028,3093,63,1093
vnm,1029,4333,63,3680
vnm,1037,1750,63,9078
vnm,1036,1772,63,3164
vnm,1032,2654,63,1140
vnm,1025,5945,63,3248
vnm,1020,10612,63,3077
vnm,1026,4650,63,6923
vnm,1031,2160,63,3670
vnm,1022,3853,63,3028
vnm,1024,3533,63,3429
vnm,1033,4299,63,8430
vnm,1030,1914,63,2699
vnm,1034,2250,63,2535
vnm,1023,4437,63,4908
vnm,955,2378,59,2464
vnm,960,2832,59,2050
vnm,962,1335,59,725
vnm,964,2006,59,1936
vnm,959,2511,59,2520
vnm,958,2103,59,1625
vnm,953,3350,59,2704
vnm,965,2489,59,2833
vnm,963,1830,59,1239
vnm,957,3516,59,3155
vnm,956,5670,59,1849
vnm,961,4528,59,2545
vnm,954,2590,59,3294
vnm,1050,5173,64,6874
vnm,1049,1930,64,6114
vnm,1055,5963,64,13146
vnm,1052,3076,64,3168
vnm,1038,6509,64,821
vnm,1054,4849,64,8249
vnm,1047,3826,64,3550
vnm,1053,3414,64,5980
vnm,1051,4423,64,3640
vnm,1059,4064,64,7655
vnm,1057,5287,64,4352
vnm,1045,3024,64,10712
vnm,1042,1259,64,8636
vnm,1044,1760,64,4760
vnm,1056,3094,64,17184
vnm,1060,3008,64,21529
vnm,1048,1244,64,21505
vnm,1041,3392,64,7052
vnm,1046,3905,64,3807
vnm,1043,4045,64,4520
vnm,1058,2307,64,7537
vnm,1039,2324,64,1207
vnm,1040,10578,64,6075
vnm,9648,13391,587,2737
vnm,9641,26801,587,957
vnm,9649,6246,587,2575
vnm,9652,14599,587,1433
vnm,9643,8015,587,1872
vnm,9645,12132,587,3453
vnm,9650,17803,587,1088
vnm,9655,13331,587,1626
vnm,9654,15594,587,894
vnm,9647,10774,587,2047
vnm,9646,1594,587,1746
vnm,9653,12678,587,1476
vnm,9644,5908,587,3419
vnm,9642,8181,587,5670
vnm,9651,13686,587,1346
vnm,9680,13306,590,601
vnm,9686,8240,590,998
vnm,9683,13665,590,1224
vnm,9692,12508,590,1359
vnm,9695,10608,590,869
vnm,9685,8320,590,923
vnm,9682,8908,590,909
vnm,9687,8354,590,1469
vnm,9681,15811,590,1082
vnm,9689,12125,590,1461
vnm,9694,14182,590,1878
vnm,9691,8435,590,1619
vnm,9684,11080,590,1338
vnm,9693,7407,590,801
vnm,9696,11358,590,586
vnm,9690,11550,590,1995
vnm,9688,10727,590,1584
vnm,9697,10471,591,124
vnm,9712,13191,591,1248
vnm,9710,8134,591,1048
vnm,9700,13727,591,1721
vnm,9711,6141,591,763
vnm,9699,17316,591,941
vnm,9703,15925,591,1380
vnm,9702,12636,591,1116
vnm,9704,13595,591,1147
vnm,9705,11094,591,1191
vnm,9698,15654,591,1200
vnm,9709,7491,591,859
vnm,9708,9216,591,784
vnm,9701,21542,591,1000
vnm,9713,15212,591,1848
vnm,9707,9413,591,1149
vnm,9706,13406,591,1159
vnm,9724,12689,592,2061
vnm,9715,6704,592,767
vnm,9723,5585,592,811
vnm,9720,8198,592,1546
vnm,9716,6708,592,1103
vnm,9725,7882,592,1128
vnm,9717,8044,592,1455
vnm,9721,8159,592,1528
vnm,9714,6511,592,412
vnm,9722,13113,592,2070
vnm,9726,6444,592,569
vnm,9719,12236,592,1398
vnm,9718,6913,592,993
vnm,9625,9301,586,2072
vnm,9626,9639,586,2369
vnm,9623,13807,586,864
vnm,9638,33119,586,2873
vnm,9639,47411,586,2626
vnm,9633,18683,586,2564
vnm,9630,15801,586,2952
vnm,9629,11639,586,2166
vnm,9621,15394,586,1369
vnm,9640,11839,586,3740
vnm,9622,7330,586,1079
vnm,9628,10489,586,2059
vnm,9635,12204,586,1781
vnm,9637,9432,586,1778
vnm,9634,10356,586,3219
vnm,9624,15133,586,1993
vnm,9632,13364,586,3659
vnm,9636,26354,586,1994
vnm,9627,13047,586,4048
vnm,9631,9884,586,3168
vnm,9617,8461,585,4084
vnm,9618,1816,585,3688
vnm,9619,7321,585,8102
vnm,9616,3519,585,3086
vnm,9610,5751,585,931
vnm,9620,2024,585,4842
vnm,9611,5551,585,4488
vnm,9613,10662,585,6139
vnm,9612,7027,585,4695
vnm,9615,7120,585,3723
vnm,9614,6092,585,5651
vnm,9574,7478,579,3743
vnm,9576,2441,579,1437
vnm,9571,8185,579,795
vnm,9572,7354,579,1148
vnm,9579,3211,579,827
vnm,9583,4971,579,7292
vnm,9573,2799,579,3744
vnm,9578,6764,579,3648
vnm,9581,3949,582,3772
vnm,9575,4488,582,5167
vnm,9580,3915,582,4165
vnm,9582,4350,582,5314
vnm,9577,2587,582,5576
vnm,9584,5262,582,5303
vnm,9585,3425,582,3839
vnm,9548,6304,578,773
vnm,9546,7313,578,657
vnm,9543,7532,578,868
vnm,9547,7582,578,505
vnm,9545,11524,578,1315
vnm,9544,7601,578,990
vnm,9539,7805,578,48
vnm,9536,13682,578,142
vnm,9540,16411,578,336
vnm,9537,16663,578,596
vnm,9535,12120,578,704
vnm,9542,14595,578,796
vnm,9541,7730,578,481
vnm,9538,6770,578,749
vnm,9552,4769,580,4070
vnm,9551,6211,580,4711
vnm,9550,3066,580,5379
vnm,9554,2821,580,3876
vnm,9549,5318,580,628
vnm,9553,2651,580,6202
vnm,9560,3294,580,4614
vnm,9559,2907,580,7001
vnm,9556,3691,580,3230
vnm,9558,3722,580,3967
vnm,9557,3928,580,5778
vnm,9555,4953,580,5143
vnm,9587,3785,583,3581
vnm,9591,6742,583,2831
vnm,9588,6078,583,5241
vnm,9593,4697,583,3760
vnm,9592,2840,583,3456
vnm,9589,5946,583,4441
vnm,9597,9019,583,4410
vnm,9595,3242,583,3212
vnm,9598,7994,583,5501
vnm,9590,6830,583,5232
vnm,9596,7180,583,3224
vnm,9586,6064,583,772
vnm,9594,6539,583,3257
vnm,9671,6550,589,1051
vnm,9676,6608,589,907
vnm,9677,4467,589,771
vnm,9674,5460,589,1057
vnm,9678,6927,589,1305
vnm,9673,6025,589,1055
vnm,9670,4338,589,782
vnm,9679,7181,589,1057
vnm,9672,6281,589,1036
vnm,9675,6490,589,1310
vnm,9669,5756,589,596
vnm,9608,6342,584,3532
vnm,9600,3467,584,5234
vnm,9607,4377,584,4286
vnm,9609,3354,584,7032
vnm,9599,6302,584,1221
vnm,9603,4560,584,3485
vnm,9602,7672,584,9003
vnm,9605,5419,584,5135
vnm,9606,4852,584,4066
vnm,9601,2611,584,6598
vnm,9604,6712,584,3813
vnm,9662,7509,588,1173
vnm,9665,10570,588,1317
vnm,9657,4764,588,3780
vnm,9667,833,588,5080
vnm,9659,5142,588,4010
vnm,9664,9144,588,2182
vnm,9660,6839,588,1869
vnm,9666,8862,588,1319
vnm,9661,6727,588,1877
vnm,9663,15971,588,1469
vnm,9668,842,588,4446
vnm,9658,6166,588,4596
vnm,9656,14390,588,980
vnm,9562,4584,581,5300
vnm,9563,4788,581,6114
vnm,9566,5234,581,3984
vnm,9564,3839,581,4272
vnm,9569,4264,581,5417
vnm,9570,4277,581,4823
vnm,9567,3012,581,2548
vnm,9561,9564,581,534
vnm,9568,4369,581,3833
vnm,9565,5742,581,6474
vnm,4841,6188,263,603
vnm,4829,6898,263,770
vnm,4833,8540,263,1145
vnm,4835,7000,263,809
vnm,4840,5850,263,596
vnm,4831,7263,263,761
vnm,4824,5467,263,889
vnm,4834,8132,263,984
vnm,4842,6666,263,723
vnm,4832,6738,263,746
vnm,4843,6838,263,579
vnm,4836,5234,263,573
vnm,4839,9105,263,1065
vnm,4827,5193,263,770
vnm,4826,8056,263,2098
vnm,4830,11401,263,970
vnm,4838,7940,263,920
vnm,4837,7345,263,747
vnm,4825,12386,263,1533
vnm,4828,7739,263,721
vnm,4822,6043,263,235
vnm,4823,8983,263,694
vnm,4845,6448,264,233
vnm,4867,4964,264,748
vnm,4851,13031,264,812
vnm,4853,5593,264,481
vnm,4876,5637,264,884
vnm,4874,4740,264,306
vnm,4872,5892,264,826
vnm,4862,6750,264,792
vnm,4859,11561,264,1269
vnm,4871,4439,264,646
vnm,4856,5642,264,501
vnm,4878,7974,264,833
vnm,4852,9673,264,752
vnm,4860,6206,264,798
vnm,4857,6778,264,714
vnm,4869,10173,264,638
vnm,4850,16804,264,992
vnm,4847,7296,264,804
vnm,4873,6077,264,966
vnm,4866,6153,264,951
vnm,4870,8319,264,913
vnm,4854,5464,264,665
vnm,4858,6869,264,597
vnm,4861,6383,264,1025
vnm,4863,7437,264,924
vnm,4864,6024,264,620
vnm,4868,6145,264,776
vnm,4855,6016,264,605
vnm,4865,4006,264,612
vnm,4877,5175,264,155
vnm,4848,10885,264,762
vnm,4849,9116,264,391
vnm,4875,7319,264,581
vnm,4846,13405,264,1421
vnm,4844,5186,264,185
vnm,4676,7596,256,1015
vnm,4682,6536,256,622
vnm,4675,4965,256,619
vnm,4681,8253,256,726
vnm,4680,11033,256,954
vnm,4678,8340,256,889
vnm,4684,4069,256,629
vnm,4685,4176,256,703
vnm,4683,6176,256,1058
vnm,4677,5152,256,727
vnm,4679,5241,256,745
vnm,4657,4662,255,30
vnm,4655,12349,255,77
vnm,4669,5609,255,138
vnm,4650,14135,255,70
vnm,4673,8409,255,395
vnm,4667,12591,255,332
vnm,4670,11601,255,786
vnm,4668,16680,255,521
vnm,4672,20760,255,751
vnm,4671,8438,255,647
vnm,4674,7070,255,635
vnm,4663,9642,255,76
vnm,4660,4034,255,39
vnm,4656,4720,255,26
vnm,4659,6257,255,35
vnm,4654,8008,255,33
vnm,4666,6888,255,72
vnm,4662,7481,255,58
vnm,4661,4541,255,39
vnm,4665,8968,255,86
vnm,4651,11489,255,65
vnm,4658,11774,255,84
vnm,4652,6103,255,58
vnm,4653,8561,255,60
vnm,4664,10577,255,65
vnm,4776,8880,260,1105
vnm,4777,10109,260,1786
vnm,4763,11930,260,1142
vnm,4767,11783,260,1277
vnm,4769,8578,260,946
vnm,4773,9578,260,701
vnm,4761,17544,260,807
vnm,4779,4935,260,804
vnm,4770,8664,260,939
vnm,4772,5712,260,561
vnm,4771,6980,260,701
vnm,4775,7958,260,952
vnm,4762,5997,260,533
vnm,4765,7050,260,1001
vnm,4780,9255,260,1019
vnm,4774,10455,260,832
vnm,4778,10172,260,1177
vnm,4766,4531,260,493
vnm,4764,10625,260,1162
vnm,4768,9704,260,1293
vnm,4742,7787,259,1075
vnm,4736,6971,259,478
vnm,4760,6444,259,521
vnm,4750,3959,259,675
vnm,4743,7565,259,870
vnm,4738,6198,259,675
vnm,4758,12497,259,1355
vnm,4747,8100,259,1005
vnm,4753,5647,259,843
vnm,4746,8412,259,1186
vnm,4757,4405,259,652
vnm,4754,5689,259,732
vnm,4740,4664,259,540
vnm,4748,6922,259,1099
vnm,4749,7251,259,1201
vnm,4759,1664,259,168
vnm,4745,14734,259,1406
vnm,4752,4654,259,783
vnm,4756,6524,259,706
vnm,4739,7632,259,970
vnm,4741,7971,259,945
vnm,4755,5603,259,894
vnm,4744,8202,259,737
vnm,4751,5316,259,591
vnm,4737,8747,259,1033
vnm,4781,11020,261,531
vnm,4791,13276,261,975
vnm,4785,10945,261,995
vnm,4782,14157,261,933
vnm,4783,4559,261,455
vnm,4797,7528,261,895
vnm,4796,11527,261,1079
vnm,4788,6867,261,745
vnm,4789,4328,261,641
vnm,4800,9208,261,723
vnm,4793,4075,261,581
vnm,4795,4232,261,606
vnm,4790,4583,261,703
vnm,4801,7035,261,747
vnm,4799,6950,261,1014
vnm,4792,4934,261,618
vnm,4794,6861,261,594
vnm,4786,5399,261,694
vnm,4784,14548,261,925
vnm,4787,10350,261,949
vnm,4693,4968,257,881
vnm,4691,7283,257,1169
vnm,4701,9464,257,1502
vnm,4686,7195,257,589
vnm,4690,6162,257,1070
vnm,4688,7117,257,1477
vnm,4699,9081,257,1166
vnm,4697,8812,257,1237
vnm,4700,9674,257,1242
vnm,4696,4599,257,826
vnm,4687,6999,257,1153
vnm,4695,5733,257,572
vnm,4702,5849,257,838
vnm,4689,4983,257,1135
vnm,4692,5320,257,437
vnm,4698,14123,257,1324
vnm,4694,5652,257,595
vnm,4703,5951,257,779
vnm,4814,10199,262,831
vnm,4812,5814,262,391
vnm,4803,3787,262,561
vnm,4808,4655,262,616
vnm,4804,13268,262,1203
vnm,4821,6119,262,640
vnm,4818,8063,262,440
vnm,4811,6857,262,587
vnm,4820,12611,262,1098
vnm,4807,7212,262,743
vnm,4815,8342,262,815
vnm,4813,5650,262,343
vnm,4809,5661,262,890
vnm,4810,3534,262,429
vnm,4805,5044,262,475
vnm,4806,3418,262,527
vnm,4819,12116,262,432
vnm,4802,8383,262,669
vnm,4816,7009,262,268
vnm,4817,9673,262,795
vnm,4704,10652,258,603
vnm,4731,9111,258,1215
vnm,4714,7524,258,1080
vnm,4713,6197,258,992
vnm,4729,8747,258,1025
vnm,4732,11809,258,1268
vnm,4717,7907,258,877
vnm,4724,5245,258,867
vnm,4719,3999,258,761
vnm,4733,5562,258,848
vnm,4720,5286,258,726
vnm,4730,8351,258,883
vnm,4708,5446,258,1010
vnm,4723,6443,258,1014
vnm,4716,5100,258,707
vnm,4711,4098,258,854
vnm,4710,4293,258,590
vnm,4734,9012,258,945
vnm,4722,11923,258,1020
vnm,4721,5952,258,950
vnm,4715,7096,258,701
vnm,4728,7256,258,827
vnm,4712,5490,258,693
vnm,4725,4378,258,756
vnm,4707,5121,258,999
vnm,4727,10834,258,1076
vnm,4709,6893,258,879
vnm,4706,3289,258,711
vnm,4726,12126,258,1076
vnm,4735,11680,258,1281
vnm,4705,5406,258,1200
vnm,4718,3664,258,230
vnm,5885,5306,312,318
vnm,5888,4060,312,3054
vnm,5892,5946,312,3525
vnm,5905,5196,312,3499
vnm,5890,7457,312,2626
vnm,5893,7965,312,4960
vnm,5899,5003,312,2109
vnm,5895,7310,312,3331
vnm,5891,4258,312,2399
vnm,5903,3925,312,1618
vnm,5898,5362,312,2833
vnm,5904,7636,312,2164
vnm,5902,7389,312,2800
vnm,5901,8880,312,18335
vnm,5889,2772,312,1288
vnm,5896,4976,312,2370
vnm,5900,3041,312,635
vnm,5886,3580,312,5200
vnm,5887,3390,312,1805
vnm,5894,9207,312,3614
vnm,5897,3422,312,2233
vnm,5683,9645,301,218
vnm,5682,5544,301,526
vnm,5684,7673,301,1125
vnm,5680,11803,301,155
vnm,5685,5693,301,444
vnm,5679,9143,301,139
vnm,5681,5661,301,102
vnm,5859,6078,310,3146
vnm,5851,4125,310,22557
vnm,5853,2837,310,7338
vnm,5857,6301,310,54073
vnm,5858,6438,310,9072
vnm,5850,5545,310,211
vnm,5855,3918,310,12256
vnm,5852,4882,310,12667
vnm,5861,8039,310,15223
vnm,5856,5666,310,8813
vnm,5862,9271,310,50292
vnm,5854,5909,310,11807
vnm,5860,5599,310,6403
vnm,5943,5399,313,1003
vnm,5925,11508,313,257
vnm,5934,4063,313,543
vnm,5935,7241,313,762
vnm,5906,6758,313,104
vnm,5924,5551,313,559
vnm,5908,8535,313,1544
vnm,5926,8079,313,541
vnm,5916,8901,313,551
vnm,5914,11896,313,619
vnm,5930,4934,313,432
vnm,5911,7052,313,973
vnm,5912,5401,313,638
vnm,5921,10956,313,662
vnm,5920,10519,313,602
vnm,5941,6296,313,907
vnm,5940,5934,313,1829
vnm,5907,14479,313,3668
vnm,5918,6511,313,845
vnm,5913,6134,313,535
vnm,5933,2788,313,484
vnm,5927,14617,313,253
vnm,5929,6924,313,697
vnm,5915,4983,313,480
vnm,5944,8403,313,3816
vnm,5932,4877,313,461
vnm,5928,4822,313,483
vnm,5937,7788,313,612
vnm,5938,4948,313,1100
vnm,5936,12535,313,1005
vnm,5939,7758,313,967
vnm,5923,6944,313,765
vnm,5931,11233,313,657
vnm,5917,6507,313,477
vnm,5909,10158,313,935
vnm,5942,10965,313,1460
vnm,5919,7841,313,388
vnm,5922,5902,313,444
vnm,5910,14216,313,1511
vnm,5992,4616,315,497
vnm,5988,4119,315,951
vnm,5990,3429,315,1513
vnm,6016,9910,315,2960
vnm,5996,5746,315,400
vnm,6002,7936,315,424
vnm,5984,9970,315,551
vnm,5997,6706,315,980
vnm,5985,8571,315,2706
vnm,5986,3996,315,2301
vnm,5989,3788,315,1822
vnm,6013,7857,315,1424
vnm,5995,6830,315,1677
vnm,6003,4015,315,566
vnm,5987,6316,315,2045
vnm,5999,6110,315,453
vnm,6014,5864,315,2055
vnm,6010,8068,315,863
vnm,5998,5771,315,1628
vnm,5991,3373,315,423
vnm,6012,6094,315,1396
vnm,6006,5927,315,1052
vnm,6004,6398,315,714
vnm,6007,5671,315,962
vnm,6005,6722,315,1145
vnm,6011,5383,315,776
vnm,5994,8663,315,1916
vnm,5993,10319,315,1022
vnm,6015,10758,315,2168
vnm,6008,5431,315,851
vnm,6001,4893,315,594
vnm,6009,6804,315,1174
vnm,6000,5688,315,512
vnm,5816,9381,320,1225
vnm,5817,6681,320,543
vnm,5812,11907,320,2466
vnm,5810,10197,320,2541
vnm,5820,6806,320,800
vnm,5819,17603,320,222
vnm,5811,10769,320,1445
vnm,5813,9017,320,2633
vnm,5809,15734,320,4666
vnm,5818,14774,320,1747
vnm,6133,4431,319,566
vnm,6121,8347,319,1181
vnm,6137,1753,319,206
vnm,6127,4117,319,554
vnm,6138,3594,319,733
vnm,6124,7219,319,705
vnm,6130,5816,319,483
vnm,6122,4567,319,572
vnm,6115,9538,319,840
vnm,6135,3373,319,604
vnm,6136,2853,319,323
vnm,6129,4340,319,645
vnm,6126,4182,319,570
vnm,6119,11615,319,2229
vnm,6128,3842,319,512
vnm,6123,4966,319,490
vnm,6125,5085,319,678
vnm,6131,3166,319,432
vnm,6116,9946,319,969
vnm,6132,3214,319,325
vnm,6134,4256,319,449
vnm,6117,7412,319,2342
vnm,6118,5711,319,1022
vnm,5721,3711,305,7539
vnm,5723,2219,305,9866
vnm,5714,4881,305,6951
vnm,5726,6545,305,14870
vnm,5716,1731,305,11903
vnm,5728,5173,305,9109
vnm,5724,2826,305,5908
vnm,5717,4451,305,13671
vnm,5715,4551,305,9910
vnm,5713,5453,305,33201
vnm,5730,2508,305,11483
vnm,5718,4731,305,17506
vnm,5727,3141,305,15098
vnm,5712,2885,305,196
vnm,5720,4517,305,11192
vnm,5732,2271,305,17546
vnm,5719,2219,305,7339
vnm,5731,5709,305,24618
vnm,5722,3333,305,7506
vnm,5725,4901,305,7805
vnm,5729,1655,305,14432
vnm,6107,4604,318,764
vnm,6102,8755,318,1134
vnm,6110,12158,318,3405
vnm,6105,12852,318,1747
vnm,6095,8365,318,1584
vnm,6109,6282,318,832
vnm,6112,5255,318,790
vnm,6091,6938,318,180
vnm,6100,7110,318,1312
vnm,6092,3981,318,2488
vnm,6114,8547,318,2299
vnm,6106,6285,318,1690
vnm,6099,6173,318,1201
vnm,6093,4420,318,1465
vnm,6111,2724,318,547
vnm,6104,3990,318,1353
vnm,6097,4190,318,1324
vnm,6094,8377,318,2443
vnm,6103,1937,318,659
vnm,6113,6277,318,908
vnm,6096,6354,318,1520
vnm,6098,13093,318,1512
vnm,6101,6610,318,719
vnm,6108,7930,318,1084
vnm,6076,5060,317,1403
vnm,6077,5724,317,2755
vnm,6062,4999,317,1808
vnm,6081,8535,317,791
vnm,6072,3954,317,387
vnm,6073,6380,317,519
vnm,6061,5372,317,1497
vnm,6074,5240,317,479
vnm,6066,12672,317,3820
vnm,6064,9269,317,2696
vnm,6070,7342,317,869
vnm,6067,4689,317,1217
vnm,6082,9341,317,1274
vnm,6068,7902,317,1721
vnm,6065,6288,317,655
vnm,6078,6565,317,853
vnm,6075,5364,317,681
vnm,6090,9538,317,862
vnm,6063,6243,317,423
vnm,6069,7393,317,820
vnm,6060,4309,317,1052
vnm,6080,6081,317,1084
vnm,6079,9157,317,957
vnm,6085,8580,317,1151
vnm,6058,11611,317,3727
vnm,6071,5617,317,687
vnm,6083,10068,317,685
vnm,6059,8292,317,2863
vnm,6087,8957,317,594
vnm,6057,6101,317,495
vnm,5782,7968,307,1559
vnm,5759,3549,307,2160
vnm,5781,5285,307,3738
vnm,5752,5513,307,1429
vnm,5764,4803,307,1950
vnm,5767,9201,307,2980
vnm,5772,2972,307,1873
vnm,5763,6452,307,1821
vnm,5785,9209,307,3034
vnm,5755,3137,307,4328
vnm,5784,17673,307,6097
vnm,5758,4163,307,3065
vnm,5756,7764,307,3361
vnm,5773,4090,307,1002
vnm,5783,3635,307,1505
vnm,5753,7577,307,14236
vnm,5761,3582,307,1477
vnm,5762,2732,307,1777
vnm,5757,4017,307,1764
vnm,5768,2452,307,1113
vnm,5769,2736,307,731
vnm,5765,4144,307,949
vnm,5760,3203,307,2811
vnm,5766,7269,307,2441
vnm,5754,6653,307,4172
vnm,5699,6299,303,13772
vnm,5693,4099,303,7424
vnm,5696,4136,303,7652
vnm,5688,3009,303,38581
vnm,5689,3474,303,22576
vnm,5686,3528,303,210
vnm,5694,6378,303,3931
vnm,5691,2035,303,17263
vnm,5697,2396,303,5083
vnm,5695,3709,303,4275
vnm,5698,6258,303,20834
vnm,5687,4728,303,50685
vnm,5690,11140,303,13472
vnm,5692,10023,303,24978
vnm,5701,4725,304,16333
vnm,5709,9713,304,16080
vnm,5706,7242,304,15502
vnm,5703,6428,304,12135
vnm,5710,2342,304,9484
vnm,5704,2177,304,12391
vnm,5708,6040,304,16796
vnm,5707,3196,304,4971
vnm,5702,3375,304,7305
vnm,5705,4763,304,1775
vnm,5711,2415,304,17192
vnm,5700,4875,304,109
vnm,5806,1974,308,6254
vnm,5795,5395,308,10451
vnm,5801,6914,308,4895
vnm,5789,3890,308,3461
vnm,5793,4460,308,5449
vnm,5804,6674,308,7503
vnm,5796,12353,308,3193
vnm,5800,7605,308,9333
vnm,5791,4458,308,9341
vnm,5788,2551,308,3783
vnm,5790,9122,308,4285
vnm,5805,4371,308,5469
vnm,5792,2133,308,5123
vnm,5798,10526,308,7131
vnm,5803,1496,308,7797
vnm,5799,9177,308,2713
vnm,5786,11828,308,870
vnm,5794,14116,308,3602
vnm,5797,3741,308,1991
vnm,5802,4313,308,7000
vnm,5787,6155,308,6183
vnm,5843,10116,309,642
vnm,5807,9428,309,134
vnm,5823,7601,309,3425
vnm,5827,11064,309,1081
vnm,5836,5012,309,499
vnm,5815,12300,309,5886
vnm,5838,6237,309,582
vnm,5832,4515,309,481
vnm,5840,9618,309,930
vnm,5830,7628,309,684
vnm,5834,7905,309,531
vnm,5825,4629,309,1095
vnm,5839,9275,309,517
vnm,5831,12636,309,1958
vnm,5848,9540,309,138
vnm,5833,6843,309,418
vnm,5828,4000,309,1003
vnm,5837,4719,309,293
vnm,5841,5026,309,363
vnm,5842,8577,309,831
vnm,5824,8350,309,2661
vnm,5814,12760,309,3364
vnm,5826,8107,309,840
vnm,5808,9025,309,4303
vnm,5846,5124,309,467
vnm,5829,12750,309,638
vnm,5847,5318,309,565
vnm,5822,13734,309,1661
vnm,5835,8122,309,646
vnm,5845,12842,309,187
vnm,5821,8046,309,3684
vnm,5849,4095,309,8133
vnm,5844,9558,309,355
vnm,5870,12253,311,10821
vnm,5867,9032,311,6698
vnm,5880,6530,311,3995
vnm,5879,7383,311,2906
vnm,5881,6819,311,2579
vnm,5868,6595,311,4881
vnm,5869,9329,311,1668
vnm,5877,6744,311,6698
vnm,5872,2833,311,1655
vnm,5884,6989,311,4869
vnm,5873,7355,311,1348
vnm,5874,9659,311,4020
vnm,5871,6953,311,1050
vnm,5882,4487,311,4836
vnm,5876,4517,311,2854
vnm,5864,4389,311,8269
vnm,5883,8315,311,3668
vnm,5863,7780,311,922
vnm,5878,2595,311,3273
vnm,5865,5289,311,2898
vnm,5866,5189,311,2464
vnm,5875,5221,311,4216
vnm,5780,7133,302,2395
vnm,5751,10508,302,524
vnm,5775,4999,302,627
vnm,5774,2383,302,1162
vnm,5777,5281,302,1467
vnm,5779,10762,302,3589
vnm,5776,3558,302,1479
vnm,5770,4118,302,826
vnm,5771,9143,302,722
vnm,5778,7435,302,2852
vnm,6018,7543,316,1811
vnm,6036,7182,316,806
vnm,6020,5643,316,11958
vnm,6034,5835,316,10783
vnm,6037,6754,316,2550
vnm,6023,6192,316,1266
vnm,6039,5801,316,4384
vnm,6040,4639,316,895
vnm,6017,8757,316,261
vnm,6031,4711,316,635
vnm,6056,5716,316,20042
vnm,6042,5950,316,1014
vnm,6051,4128,316,517
vnm,6050,5581,316,4997
vnm,6022,2664,316,1208
vnm,6027,4489,316,718
vnm,6033,5943,316,4063
vnm,6048,4303,316,594
vnm,6044,5565,316,1102
vnm,6053,6376,316,4309
vnm,6028,8067,316,1671
vnm,6035,5932,316,767
vnm,6046,4346,316,767
vnm,6043,6734,316,1017
vnm,6025,7680,316,3171
vnm,6054,7071,316,5255
vnm,6032,5310,316,2578
vnm,6019,4287,316,2198
vnm,6024,8178,316,2015
vnm,6021,5485,316,10374
vnm,6038,6269,316,2464
vnm,6047,6000,316,14498
vnm,6026,6116,316,1188
vnm,6029,3308,316,343
vnm,6052,5055,316,2480
vnm,6030,5617,316,535
vnm,6055,9045,316,4947
vnm,6049,5702,316,522
vnm,6045,10095,316,1954
vnm,6041,4681,316,1049
vnm,5736,2732,306,30096
vnm,5733,3777,306,184
vnm,5740,5091,306,26859
vnm,5743,3996,306,17136
vnm,5734,2587,306,11480
vnm,5738,4887,306,22868
vnm,5735,3867,306,26184
vnm,5747,4470,306,15918
vnm,5750,2381,306,28616
vnm,5749,7887,306,45796
vnm,5746,4153,306,13777
vnm,5744,5262,306,10445
vnm,5745,5440,306,13931
vnm,5739,3152,306,15274
vnm,5741,4648,306,15811
vnm,5742,4849,306,16769
vnm,5748,3370,306,9399
vnm,5737,4272,306,19441
vnm,5671,17630,300,212
vnm,5666,14350,300,211
vnm,5668,8737,300,79
vnm,5659,14625,300,435
vnm,5672,5484,300,58
vnm,5660,20663,300,272
vnm,5663,17489,300,197
vnm,6120,7887,300,492
vnm,5675,12371,300,742
vnm,5665,22155,300,541
vnm,5677,8138,300,948
vnm,5676,20414,300,711
vnm,5664,9273,300,140
vnm,5661,15110,300,166
vnm,5669,9566,300,94
vnm,6086,9137,300,1003
vnm,6089,6532,300,713
vnm,6088,12169,300,835
vnm,6084,9849,300,1152
vnm,5674,20260,300,754
vnm,5662,13278,300,286
vnm,5667,8010,300,77
vnm,5670,16101,300,260
vnm,5673,16213,300,312
vnm,5678,17298,300,518
vnm,5980,8239,314,1043
vnm,5968,6140,314,1272
vnm,5982,12440,314,1474
vnm,5978,3350,314,1076
vnm,5960,8264,314,3631
vnm,5950,9246,314,1754
vnm,5954,17255,314,1195
vnm,5952,5749,314,943
vnm,5959,7179,314,597
vnm,5966,7165,314,489
vnm,5962,5006,314,468
vnm,5953,6590,314,1677
vnm,5976,7225,314,729
vnm,5951,3581,314,2743
vnm,5948,8462,314,5787
vnm,5979,7313,314,912
vnm,5971,9809,314,1060
vnm,5975,3907,314,925
vnm,5981,8947,314,1727
vnm,5946,7604,314,1576
vnm,5972,5745,314,2811
vnm,5973,6051,314,700
vnm,5969,8959,314,1092
vnm,5961,7787,314,878
vnm,5958,11383,314,1902
vnm,5956,7674,314,2623
vnm,5983,8261,314,1800
vnm,5949,10140,314,2987
vnm,5963,6760,314,952
vnm,5957,6931,314,2470
vnm,5965,6505,314,3541
vnm,5955,10083,314,1023
vnm,5947,6276,314,4378
vnm,5970,6130,314,938
vnm,5964,9027,314,1165
vnm,5977,7492,314,1002
vnm,5974,8574,314,1372
vnm,5967,7906,314,1488
vnm,5945,4779,314,290
vnm,4930,8342,268,2931
vnm,4931,6554,268,1610
vnm,4946,4919,268,629
vnm,4937,7916,268,1017
vnm,4945,2726,268,543
vnm,4949,3696,268,506
vnm,4935,6010,268,685
vnm,4941,4350,268,639
vnm,4948,6608,268,2214
vnm,4942,8083,268,778
vnm,4943,3507,268,487
vnm,4940,7502,268,495
vnm,4933,6632,268,942
vnm,4947,4387,268,409
vnm,4939,6350,268,558
vnm,4944,7662,268,662
vnm,4934,6030,268,1143
vnm,4938,2921,268,307
vnm,4936,4345,268,468
vnm,4932,5454,268,751
vnm,4929,5452,268,411
vnm,4960,6006,269,627
vnm,4951,6736,269,673
vnm,4957,5921,269,2182
vnm,4955,6112,269,918
vnm,4953,6927,269,784
vnm,4954,5775,269,507
vnm,4958,4185,269,463
vnm,4959,10605,269,1348
vnm,4956,4103,269,800
vnm,4950,4019,269,225
vnm,4952,10220,269,2110
vnm,4986,7776,271,857
vnm,4981,3966,271,720
vnm,5003,8990,271,770
vnm,4991,5591,271,665
vnm,4984,3022,271,362
vnm,4999,7362,271,826
vnm,4992,8590,271,739
vnm,4983,5586,271,691
vnm,4987,5880,271,644
vnm,4993,8437,271,688
vnm,4985,5845,271,558
vnm,5006,4939,271,63
vnm,5004,3969,271,64
vnm,5002,11079,271,967
vnm,5001,6961,271,840
vnm,5005,4543,271,78
vnm,4998,12872,271,1270
vnm,4995,7649,271,747
vnm,4990,5591,271,591
vnm,4980,9200,271,112
vnm,4989,9178,271,836
vnm,4996,4815,271,517
vnm,4994,6811,271,672
vnm,5000,8431,271,762
vnm,4982,2605,271,419
vnm,4997,8713,271,840
vnm,4988,2142,271,259
vnm,4909,2953,267,15385
vnm,4913,4716,267,774
vnm,4911,5339,267,931
vnm,4904,4935,267,888
vnm,4905,4005,267,738
vnm,4907,5627,267,626
vnm,4908,5318,267,1016
vnm,4924,4898,267,5485
vnm,4912,4573,267,741
vnm,4915,2972,267,421
vnm,4902,8736,267,345
vnm,4923,6239,267,1018
vnm,4927,6424,267,3620
vnm,4910,4240,267,916
vnm,4928,6337,267,1756
vnm,4925,8428,267,1831
vnm,4926,4567,267,1163
vnm,4920,4830,267,2081
vnm,4921,3247,267,461
vnm,4906,9847,267,3099
vnm,4919,3580,267,595
vnm,4916,6212,267,979
vnm,4917,4497,267,897
vnm,4922,7070,267,1266
vnm,4918,3817,267,956
vnm,4903,7948,267,2458
vnm,4914,6123,267,1016
vnm,4883,9864,265,185
vnm,4879,9538,265,182
vnm,4885,11303,265,210
vnm,4886,9794,265,205
vnm,4887,11436,265,631
vnm,4888,6347,265,707
vnm,4892,8111,265,529
vnm,4890,8872,265,731
vnm,4891,10760,265,579
vnm,4889,6220,265,587
vnm,4884,9582,265,123
vnm,4880,9861,265,179
vnm,4881,8807,265,143
vnm,4882,4963,265,33
vnm,4893,10576,266,397
vnm,4901,7907,266,2313
vnm,4895,8052,266,1687
vnm,4900,5048,266,4295
vnm,4899,5479,266,830
vnm,4896,4233,266,344
vnm,4894,9253,266,448
vnm,4898,4332,266,393
vnm,4897,5720,266,1288
vnm,4966,7035,270,836
vnm,4975,6493,270,827
vnm,4968,7114,270,805
vnm,4967,6582,270,930
vnm,4970,7774,270,1010
vnm,4979,8922,270,954
vnm,4974,7146,270,886
vnm,4964,6824,270,721
vnm,4965,7324,270,770
vnm,4972,7087,270,962
vnm,4977,13038,270,1315
vnm,4963,6544,270,616
vnm,4978,5811,270,935
vnm,4976,7374,270,884
vnm,4969,4921,270,292
vnm,4962,4207,270,624
vnm,4971,11124,270,1232
vnm,4973,5890,270,715
vnm,4961,13968,270,868
vnm,5009,5452,272,615
vnm,5011,4099,272,516
vnm,5008,7691,272,1035
vnm,5010,4101,272,456
vnm,5021,8950,272,2971
vnm,5013,7565,272,957
vnm,5016,4154,272,451
vnm,5023,7688,272,1027
vnm,5020,6708,272,955
vnm,5019,4554,272,606
vnm,5018,11147,272,1348
vnm,5012,8645,272,964
vnm,5015,6875,272,602
vnm,5014,8596,272,1134
vnm,5007,8833,272,916
vnm,5022,5444,272,1023
vnm,5017,6089,272,961
vnm,7761,4546,429,34261
vnm,7768,1753,429,7858
vnm,7767,4500,429,12858
vnm,7762,1805,429,14492
vnm,7763,2848,429,7510
vnm,7765,4230,429,5570
vnm,7766,3831,429,15085
vnm,7764,4123,429,9064
vnm,7769,2615,429,14076
vnm,7789,9468,431,1066
vnm,7778,16170,431,899
vnm,7791,13756,431,3387
vnm,7784,6290,431,859
vnm,7786,7408,431,450
vnm,7792,8373,431,402
vnm,7790,9578,431,1489
vnm,7782,6401,431,14529
vnm,7788,13942,431,2611
vnm,7799,15374,432,2255
vnm,7793,25140,432,2555
vnm,7801,11330,432,3916
vnm,7796,14802,432,1759
vnm,7800,16218,432,6947
vnm,7794,11351,432,1524
vnm,7795,9605,432,14275
vnm,7797,15472,432,1381
vnm,7809,7650,432,5094
vnm,7775,3718,430,7808
vnm,7771,12154,430,17793
vnm,7772,5997,430,5011
vnm,7774,9119,430,14845
vnm,7776,4030,430,30582
vnm,7777,11860,430,3666
vnm,7773,13196,430,9560
vnm,7770,11040,430,2017
vnm,7747,8879,428,230
vnm,7753,7829,428,193
vnm,7754,8502,428,160
vnm,7745,12838,428,3414
vnm,7755,19296,428,136
vnm,7752,5315,428,53
vnm,7759,8441,428,527
vnm,7756,12192,428,237
vnm,7760,5955,428,254
vnm,7750,3107,428,40
vnm,7748,10011,428,163
vnm,7746,17372,428,763
vnm,7751,9977,428,288
vnm,7757,9349,428,1134
vnm,7749,8347,428,131
vnm,7758,16594,428,1084
vnm,7787,5718,433,2635
vnm,7785,8848,433,7321
vnm,7780,7817,433,8790
vnm,7783,13444,433,8128
vnm,7779,4647,433,4826
vnm,7781,2465,433,5547
vnm,7808,10190,434,1406
vnm,7804,3265,434,6237
vnm,7807,11497,434,5366
vnm,7805,10209,434,15036
vnm,7798,3346,434,20925
vnm,7806,3707,434,7559
vnm,7802,9482,434,3988
vnm,7803,4841,434,2983
vnm,2886,4728,166,985
vnm,2900,2686,166,290
vnm,2896,3021,166,911
vnm,2878,2545,166,318
vnm,2902,4934,166,2021
vnm,2901,4719,166,965
vnm,2897,1827,166,201
vnm,2892,6373,166,2050
vnm,2875,7101,166,597
vnm,2889,2959,166,1088
vnm,2894,3886,166,455
vnm,2877,8551,166,1859
vnm,2880,3698,166,496
vnm,2876,3904,166,336
vnm,2882,4755,166,387
vnm,2881,1930,166,484
vnm,2890,5532,166,946
vnm,2872,6535,166,405
vnm,2893,8070,166,966
vnm,2884,4315,166,1026
vnm,2879,3286,166,641
vnm,2887,2436,166,498
vnm,2873,4997,166,2343
vnm,2895,3196,166,559
vnm,2883,2989,166,323
vnm,2874,7587,166,942
vnm,2885,5338,166,1415
vnm,2898,4644,166,1108
vnm,2888,3316,166,675
vnm,2899,3828,166,1217
vnm,2891,4390,166,417
vnm,2755,3268,161,1793
vnm,2750,5104,161,2190
vnm,2773,3125,161,1843
vnm,2772,3484,161,1200
vnm,2756,8429,161,1407
vnm,2761,3285,161,948
vnm,2746,6904,161,593
vnm,2747,2016,161,627
vnm,2760,3024,161,522
vnm,2766,2892,161,837
vnm,2749,4288,161,1414
vnm,2754,2594,161,1597
vnm,2771,4536,161,1738
vnm,2770,2659,161,879
vnm,2759,6298,161,1750
vnm,2748,4245,161,1296
vnm,2757,2963,161,774
vnm,2763,2025,161,612
vnm,2758,3273,161,1868
vnm,2752,1911,161,966
vnm,2753,3929,161,1870
vnm,2762,3631,161,762
vnm,2764,6045,161,1791
vnm,2769,5201,161,1542
vnm,2767,4302,161,1358
vnm,2768,5261,161,2056
vnm,2751,4645,161,1031
vnm,2765,4085,161,1319
vnm,2788,3565,162,1552
vnm,2798,3382,162,894
vnm,2792,2256,162,830
vnm,2802,1794,162,707
vnm,2795,2783,162,1220
vnm,2775,4861,162,2666
vnm,2784,3141,162,741
vnm,2777,2231,162,736
vnm,2782,2257,162,363
vnm,2787,3014,162,1634
vnm,2774,8001,162,971
vnm,2776,1930,162,689
vnm,2778,3005,162,1333
vnm,2783,2925,162,700
vnm,2791,6051,162,1963
vnm,2779,1947,162,1191
vnm,2785,2457,162,977
vnm,2797,3581,162,946
vnm,2781,1838,162,428
vnm,2805,1329,162,289
vnm,2803,2119,162,963
vnm,2796,2404,162,645
vnm,2780,3082,162,1664
vnm,2786,3088,162,1254
vnm,2789,2135,162,2471
vnm,2806,1699,162,260
vnm,2801,3348,162,1308
vnm,2804,3971,162,654
vnm,2800,4563,162,3116
vnm,2793,3988,162,2934
vnm,2790,2093,162,846
vnm,2794,5145,162,1842
vnm,2799,3245,162,900
vnm,2939,9360,168,724
vnm,2935,10139,168,1118
vnm,2933,3428,168,339
vnm,2925,9120,168,616
vnm,2936,5792,168,657
vnm,2923,9023,168,608
vnm,2934,4745,168,478
vnm,2932,10327,168,655
vnm,2938,9851,168,1031
vnm,2930,8087,168,503
vnm,2924,7767,168,1332
vnm,2937,8865,168,1083
vnm,2929,4766,168,580
vnm,2926,5291,168,842
vnm,2849,6845,164,764
vnm,2843,3352,164,787
vnm,2848,3840,164,457
vnm,2845,3954,164,789
vnm,2842,4408,164,743
vnm,2836,4343,164,893
vnm,2837,3783,164,1183
vnm,2834,16552,164,1190
vnm,2844,8120,164,1394
vnm,2835,5545,164,1216
vnm,2847,4514,164,710
vnm,2851,10167,164,1560
vnm,2850,5016,164,654
vnm,2846,5665,164,648
vnm,2841,5230,164,1272
vnm,2838,4534,164,1447
vnm,2839,4713,164,1096
vnm,2840,4253,164,1383
vnm,2853,4777,164,458
vnm,2739,8006,160,130
vnm,2740,9406,160,1747
vnm,2744,10451,160,1266
vnm,2737,4544,160,112
vnm,2738,3752,160,70
vnm,2741,12335,160,2041
vnm,2743,3670,160,713
vnm,2745,3721,160,461
vnm,2736,4601,160,446
vnm,2742,8341,160,781
vnm,2914,6934,167,1356
vnm,2921,2555,167,313
vnm,2919,5035,167,1546
vnm,2920,4156,167,309
vnm,2905,7080,167,643
vnm,2911,1961,167,403
vnm,2903,4312,167,485
vnm,2916,6642,167,910
vnm,2906,4069,167,444
vnm,2912,2968,167,1174
vnm,2915,4061,167,733
vnm,2917,4780,167,2019
vnm,2909,3793,167,924
vnm,2913,2943,167,458
vnm,2918,3904,167,1690
vnm,2907,5853,167,966
vnm,2922,4059,167,690
vnm,2904,2379,167,379
vnm,2910,4666,167,1004
vnm,2908,4607,167,708
vnm,2945,3413,171,5395
vnm,2944,3617,171,2119
vnm,2965,6284,171,9744
vnm,2946,3562,171,2478
vnm,2962,3516,171,3065
vnm,2949,8355,171,4745
vnm,2957,6285,171,2313
vnm,2966,2886,171,2073
vnm,2948,6105,171,2624
vnm,2952,4328,171,3568
vnm,2942,4164,171,6556
vnm,2941,10420,171,12597
vnm,2943,6081,171,5619
vnm,2958,7304,171,3403
vnm,2968,1483,171,3222
vnm,2956,5941,171,8271
vnm,2959,1206,171,8197
vnm,2826,5770,163,1418
vnm,2811,2853,163,1137
vnm,2814,4315,163,841
vnm,2831,6719,163,879
vnm,2832,7008,163,501
vnm,2810,2817,163,1067
vnm,2827,7308,163,1556
vnm,2812,2293,163,540
vnm,2828,3117,163,368
vnm,2823,5914,163,1504
vnm,2833,6697,163,911
vnm,2824,3284,163,641
vnm,2815,2765,163,994
vnm,2817,7509,163,1325
vnm,2821,1708,163,463
vnm,2818,1891,163,692
vnm,2829,4555,163,663
vnm,2813,2480,163,962
vnm,2807,7993,163,737
vnm,2830,4547,163,618
vnm,2808,2995,163,723
vnm,2825,2152,163,742
vnm,2809,2824,163,1130
vnm,2822,4396,163,958
vnm,2819,2219,163,305
vnm,2816,4751,163,802
vnm,2820,3005,163,757
vnm,2964,4784,169,2097
vnm,2960,5708,169,3644
vnm,2950,7803,169,2246
vnm,2972,3491,169,4569
vnm,2951,3369,169,1453
vnm,2970,7730,169,4290
vnm,2971,4912,169,4998
vnm,2977,4593,169,1099
vnm,2947,5037,169,2291
vnm,2961,4511,169,1921
vnm,2973,4886,169,4042
vnm,2969,4302,169,3247
vnm,2955,4796,169,2055
vnm,2967,3385,169,1558
vnm,2953,5378,169,3133
vnm,2940,15115,169,1391
vnm,2976,3402,169,9017
vnm,2979,3093,169,1383
vnm,2963,7614,169,4128
vnm,2954,12840,169,5979
vnm,2974,3873,169,1544
vnm,2975,4380,169,3937
vnm,2978,6982,169,6368
vnm,2986,4861,170,569
vnm,2988,5634,170,681
vnm,2980,12250,170,3000
vnm,2987,4030,170,419
vnm,2989,12346,170,834
vnm,2992,3034,170,794
vnm,2985,7697,170,1432
vnm,2983,3502,170,766
vnm,2981,5378,170,608
vnm,2984,5442,170,1238
vnm,2991,4210,170,773
vnm,2990,2238,170,269
vnm,2994,2639,170,427
vnm,2982,6119,170,673
vnm,2993,4346,170,1444
vnm,2727,7158,159,344
vnm,2728,5473,159,375
vnm,2928,6231,159,1057
vnm,2719,11826,159,599
vnm,2723,17681,159,229
vnm,2854,6506,159,216
vnm,2927,5726,159,821
vnm,2852,9568,159,1181
vnm,2734,9244,159,486
vnm,2732,9605,159,363
vnm,2721,16427,159,247
vnm,2730,4834,159,565
vnm,2735,5194,159,553
vnm,3306,2825,159,357
vnm,2722,8283,159,152
vnm,2725,5911,159,103
vnm,2731,14746,159,1205
vnm,2931,8515,159,959
vnm,2726,11590,159,218
vnm,2724,15702,159,260
vnm,2733,8641,159,543
vnm,2720,6271,159,124
vnm,2729,12110,159,1119
vnm,2865,5484,165,3244
vnm,2867,6852,165,2367
vnm,2863,5110,165,1370
vnm,2858,9092,165,3317
vnm,2856,4926,165,3792
vnm,2857,5836,165,4811
vnm,2869,3936,165,2209
vnm,2871,3651,165,2500
vnm,2870,6801,165,3818
vnm,2864,1582,165,850
vnm,2868,6831,165,3094
vnm,2866,5814,165,3536
vnm,2862,5394,165,12178
vnm,2859,3485,165,2337
vnm,2861,4725,165,1860
vnm,2860,4421,165,1573
vnm,2855,7934,165,1650
vnm,7525,4203,413,5885
vnm,7524,8807,413,2319
vnm,7526,3111,413,52730
vnm,7527,8662,413,15139
vnm,7528,1770,413,8646
vnm,7534,7134,413,9351
vnm,7529,4750,413,13175
vnm,7531,3533,413,6041
vnm,7533,4994,413,2806
vnm,7530,2377,413,4154
vnm,7532,4761,413,3101
vnm,7579,9926,419,1589
vnm,7592,11533,419,1011
vnm,7585,21715,419,1611
vnm,7597,3076,419,4076
vnm,7587,12434,419,2544
vnm,7578,14722,419,1637
vnm,7584,13643,419,1058
vnm,7595,10340,419,2040
vnm,7598,3565,419,7598
vnm,7591,12180,419,5349
vnm,7603,18687,418,1360
vnm,7604,4503,418,1645
vnm,7606,7720,418,4735
vnm,7601,3990,418,6376
vnm,7599,10533,418,6096
vnm,7600,10725,418,4240
vnm,7607,16964,418,1734
vnm,7602,18829,418,1901
vnm,7605,8868,418,1572
vnm,7552,9945,415,2467
vnm,7557,2613,415,5038
vnm,7561,3590,415,9612
vnm,7562,3962,415,4421
vnm,7553,2328,415,14646
vnm,7555,1868,415,6686
vnm,7554,4571,415,20023
vnm,7564,8751,415,6542
vnm,7556,2322,415,5479
vnm,7560,4006,415,7707
vnm,7558,3978,415,10506
vnm,7559,1376,415,5886
vnm,7563,7175,415,4334
vnm,7565,2235,415,6098
vnm,7515,8848,412,5728
vnm,7517,6114,412,1186
vnm,7522,8214,412,873
vnm,7513,9261,412,2700
vnm,7516,3834,412,1109
vnm,7514,12496,412,9578
vnm,7511,2889,412,16092
vnm,7510,7073,412,651
vnm,7519,8169,412,5009
vnm,7518,10180,412,3191
vnm,7521,2229,412,3875
vnm,7523,2875,412,2931
vnm,7512,9641,412,413
vnm,7520,6385,412,482
vnm,7571,4839,416,7197
vnm,7568,3885,416,3211
vnm,7569,2353,416,5905
vnm,7567,3094,416,3499
vnm,7572,5739,416,11929
vnm,7573,2898,416,3070
vnm,7576,5880,416,9396
vnm,7574,4367,416,16658
vnm,7566,11034,416,3636
vnm,7570,4418,416,6165
vnm,7575,2517,416,28229
vnm,7582,10881,417,1688
vnm,7590,14141,417,1707
vnm,7593,11734,417,7061
vnm,7594,9049,417,15386
vnm,7586,10652,417,1576
vnm,7588,8230,417,4359
vnm,7589,8242,417,1862
vnm,7596,9998,417,16969
vnm,7583,12774,417,1699
vnm,7581,9660,417,9480
vnm,7580,4123,417,11621
vnm,7549,10513,414,1535
vnm,7543,10091,414,1818
vnm,7540,4591,414,2069
vnm,7536,7081,414,2146
vnm,7542,3823,414,1210
vnm,7547,6747,414,5077
vnm,7546,11166,414,2038
vnm,7545,3799,414,7435
vnm,7548,11147,414,1606
vnm,7541,4888,414,4567
vnm,7538,14914,414,1998
vnm,7537,13169,414,1104
vnm,7539,5138,414,1253
vnm,7550,3034,414,5088
vnm,7544,2282,414,4098
vnm,7535,9346,414,1682
vnm,7551,9337,411,2449
vnm,7508,11096,411,1502
vnm,7509,5685,411,205
vnm,7507,7707,411,3999
vnm,7506,13985,411,572
vnm,7577,9269,411,554
vnm,7505,9454,411,1154
vnm,7496,4569,411,47
vnm,7498,9124,411,80
vnm,7500,4821,411,36
vnm,7501,7964,411,57
vnm,7502,10188,411,122
vnm,7504,8076,411,74
vnm,7503,9134,411,195
vnm,7497,8927,411,167
vnm,7499,23454,411,1200
vnm,6492,6413,338,1575
vnm,6497,6695,338,3790
vnm,6512,8951,338,2563
vnm,6503,5749,338,423
vnm,6504,7667,338,282
vnm,6491,3979,338,1594
vnm,6498,8553,338,87
vnm,6511,4508,338,2613
vnm,6487,8187,338,584
vnm,6507,3379,338,551
vnm,6502,11361,338,10746
vnm,6493,3550,338,3305
vnm,6495,3543,338,3202
vnm,6516,4714,338,2506
vnm,6490,2864,338,828
vnm,6515,3148,338,2210
vnm,6513,9565,338,207
vnm,6488,10114,338,10256
vnm,6508,2652,338,17493
vnm,6501,4029,338,1151
vnm,6496,12435,338,6940
vnm,6500,2440,338,1476
vnm,6505,12068,338,11775
vnm,6514,404,338,43458
vnm,6510,5211,338,3290
vnm,6494,13606,338,2606
vnm,6499,2902,338,89587
vnm,6509,5515,338,1366
vnm,6506,6674,338,2736
vnm,6489,5762,338,21132
vnm,6453,8947,341,160
vnm,6479,3053,341,195
vnm,6485,9375,341,654
vnm,6481,8155,341,444
vnm,6470,6004,341,1101
vnm,6486,7853,341,1705
vnm,6476,5938,341,316
vnm,6484,8432,341,1261
vnm,6480,7011,341,6278
vnm,6478,3482,341,226
vnm,6472,12409,341,1057
vnm,6482,2007,341,331
vnm,6477,7198,341,429
vnm,6473,4790,341,1040
vnm,6475,5492,341,653
vnm,6483,5237,341,202
vnm,6538,9663,340,2222
vnm,6540,4119,340,1727
vnm,6547,3650,340,1158
vnm,6534,7454,340,2957
vnm,6536,6531,340,1872
vnm,6546,6258,340,2409
vnm,6533,6273,340,364
vnm,6556,3902,340,58331
vnm,6543,3914,340,785
vnm,6559,1571,340,27647
vnm,6545,7659,340,719
vnm,6551,4628,340,1443
vnm,6553,5412,340,2228
vnm,6541,2381,340,19301
vnm,6535,3512,340,3596
vnm,6552,2539,340,1074
vnm,6544,1790,340,1592
vnm,6532,4813,340,5539
vnm,6539,6264,340,1034
vnm,6549,6557,340,2458
vnm,6554,5469,340,8477
vnm,6542,7504,340,1487
vnm,6548,5685,340,2191
vnm,6555,4463,340,6411
vnm,6537,4920,340,1682
vnm,6557,1601,340,2323
vnm,6558,2678,340,1585
vnm,6550,5098,340,697
vnm,6418,4010,335,21380
vnm,6421,3542,335,8625
vnm,6424,3524,335,6717
vnm,6420,680,335,3756
vnm,6429,1590,335,21629
vnm,6422,1464,335,4138
vnm,6423,2727,335,3271
vnm,6427,3253,335,4047
vnm,6417,6273,335,993
vnm,6430,1160,335,827
vnm,6428,2817,335,8689
vnm,6432,3027,335,42767
vnm,6419,4414,335,21740
vnm,6431,4637,335,10943
vnm,6425,2813,335,4893
vnm,6426,4176,335,3970
vnm,6530,7570,339,2336
vnm,6524,6300,339,747
vnm,6525,7057,339,2917
vnm,6522,5807,339,4581
vnm,6523,5500,339,2049
vnm,6527,6764,339,1463
vnm,6519,4425,339,434
vnm,6517,4891,339,249
vnm,6528,4896,339,1102
vnm,6518,4536,339,94620
vnm,6526,2424,339,17354
vnm,6531,6992,339,3379
vnm,6520,6758,339,5581
vnm,6521,8601,339,2307
vnm,6529,6842,339,957
vnm,6462,8669,337,130
vnm,6466,4713,337,775
vnm,6471,2948,337,276
vnm,6458,9965,337,4544
vnm,6456,5234,337,2977
vnm,6454,5824,337,13043
vnm,6464,7622,337,2371
vnm,6455,3897,337,4428
vnm,6467,3453,337,1922
vnm,6460,6694,337,4786
vnm,6457,9414,337,2015
vnm,6469,7788,337,2779
vnm,6459,3690,337,5614
vnm,6474,4263,337,406
vnm,6463,4043,337,1535
vnm,6468,3173,337,652
vnm,6461,7710,337,1005
vnm,6465,10327,337,1243
vnm,6413,10371,334,1653
vnm,6403,21584,334,1075
vnm,6409,8401,334,823
vnm,6404,2576,334,30
vnm,6402,10542,334,284
vnm,6407,8965,334,2241
vnm,6416,8826,334,531
vnm,6410,6153,334,213
vnm,6406,3289,334,81
vnm,6401,6341,334,169
vnm,6412,9422,334,1381
vnm,6405,16970,334,483
vnm,6414,5249,334,1773
vnm,6408,4211,334,171
vnm,6411,3110,334,315
vnm,6415,4492,334,5019
vnm,6451,2580,336,14011
vnm,6450,4110,336,1948
vnm,6442,3211,336,4979
vnm,6433,5937,336,1302
vnm,6446,5759,336,3884
vnm,6434,2971,336,12603
vnm,6435,4794,336,21720
vnm,6439,1175,336,12289
vnm,6440,2696,336,2568
vnm,6448,7421,336,3523
vnm,6444,2235,336,3429
vnm,6443,469,336,7256
vnm,6447,4481,336,3162
vnm,6441,2997,336,3955
vnm,6445,5126,336,6129
vnm,6436,6310,336,16474
vnm,6437,2300,336,3466
vnm,6438,2225,336,5323
vnm,6449,7259,336,4422
vnm,6452,2788,336,2787
vnm,7120,6122,381,20059
vnm,7121,2811,381,5894
vnm,7117,2528,381,3386
vnm,7118,2919,381,3942
vnm,7123,2976,381,18215
vnm,7119,2826,381,3986
vnm,7124,3246,381,8202
vnm,7125,1871,381,6565
vnm,7115,1521,381,10891
vnm,7113,7074,381,2397
vnm,7116,1468,381,6883
vnm,7114,3174,381,5160
vnm,7122,2274,381,3586
vnm,6967,17236,372,1452
vnm,6983,6122,372,611
vnm,6977,5118,372,5592
vnm,6982,7583,372,1015
vnm,6972,10247,372,4990
vnm,6971,9082,372,5917
vnm,6975,9341,372,2273
vnm,6984,5658,372,755
vnm,6970,6808,372,10953
vnm,6969,7525,372,3955
vnm,6980,7330,372,829
vnm,6974,10942,372,3217
vnm,6979,6731,372,866
vnm,6973,10789,372,4362
vnm,6968,3211,372,10437
vnm,6978,5971,372,1590
vnm,6976,4011,372,6313
vnm,6981,6552,372,905
vnm,6995,14913,373,1263
vnm,6999,16107,373,1765
vnm,6992,12441,373,1678
vnm,6987,13030,373,1948
vnm,7003,11401,373,877
vnm,6996,9599,373,771
vnm,6998,8533,373,1112
vnm,6997,10069,373,1004
vnm,6991,25287,373,2335
vnm,7002,10318,373,1137
vnm,6994,12638,373,1321
vnm,7004,14708,373,957
vnm,7000,8226,373,1465
vnm,6988,7428,373,372
vnm,6990,6889,373,688
vnm,6989,7922,373,465
vnm,6993,12599,373,1729
vnm,6986,8001,373,1629
vnm,7001,5366,373,977
vnm,6985,8877,373,213
vnm,6963,1349,371,3493
vnm,6960,2443,371,9321
vnm,6962,4031,371,10765
vnm,6959,2360,371,6446
vnm,6966,1866,371,9002
vnm,6965,2039,371,20753
vnm,6956,4598,371,3673
vnm,6958,2538,371,9789
vnm,6957,977,371,10053
vnm,6961,1373,371,11304
vnm,6964,1207,371,3186
vnm,7010,6891,374,1482
vnm,7018,7799,374,1221
vnm,7009,8881,374,3991
vnm,7017,10546,374,1542
vnm,7007,3782,374,4395
vnm,7014,12565,374,1263
vnm,7012,10305,374,8641
vnm,7008,5130,374,914
vnm,7015,7241,374,874
vnm,7006,3829,374,1337
vnm,7011,7741,374,2068
vnm,7013,7787,374,3885
vnm,7016,10231,374,644
vnm,7005,22557,374,1596
vnm,6940,6289,369,310
vnm,6938,12707,369,544
vnm,6941,9581,369,687
vnm,6942,4449,369,297
vnm,6943,6790,369,157
vnm,6935,9090,369,118
vnm,6944,9358,369,438
vnm,6939,5697,369,130
vnm,6933,5235,369,54
vnm,6937,3932,369,91
vnm,6934,9026,369,147
vnm,6945,2061,369,1764
vnm,6936,13351,369,579
vnm,7068,6606,378,2537
vnm,7075,2611,378,2562
vnm,7065,1614,378,7049
vnm,7066,1541,378,3671
vnm,7071,1275,378,5481
vnm,7070,1992,378,14097
vnm,7072,2435,378,1914
vnm,7073,2579,378,4125
vnm,7067,7306,378,5422
vnm,7069,2490,378,3724
vnm,7064,3686,378,683
vnm,7074,2553,378,7138
vnm,7049,3555,376,23666
vnm,7047,3010,376,15541
vnm,7042,959,376,16785
vnm,7050,1372,376,12033
vnm,7051,1152,376,38013
vnm,7046,851,376,11541
vnm,7045,1380,376,10602
vnm,7041,909,376,12416
vnm,7048,2384,376,20617
vnm,7044,1278,376,14162
vnm,7040,7459,376,24451
vnm,7043,1353,376,19576
vnm,7130,4154,382,12587
vnm,7127,3402,382,12578
vnm,7133,2315,382,9018
vnm,7126,2239,382,14017
vnm,7131,2969,382,7693
vnm,7129,5188,382,12239
vnm,7132,3306,382,11430
vnm,7128,2888,382,9490
vnm,7134,2671,382,5256
vnm,7135,1910,382,5200
vnm,7030,2596,385,16402
vnm,7031,5295,385,4328
vnm,7039,2652,385,18785
vnm,7029,3051,385,6115
vnm,7033,1753,385,1101
vnm,7025,8364,385,5372
vnm,7032,2712,385,3326
vnm,7136,12667,383,507
vnm,7142,6339,383,1879
vnm,7143,9537,383,2824
vnm,7147,6740,383,530
vnm,7146,6632,383,529
vnm,7145,12484,383,3977
vnm,7144,8920,383,1306
vnm,7151,6414,383,2454
vnm,7150,5428,383,6179
vnm,7149,11551,383,5971
vnm,7148,12850,383,1130
vnm,7140,3997,383,6254
vnm,7141,3842,383,6154
vnm,7139,10934,383,1594
vnm,7152,3078,383,12066
vnm,7137,13306,383,1851
vnm,7138,11419,383,2917
vnm,6919,4234,384,775
vnm,6921,6659,384,1126
vnm,6929,5626,384,2039
vnm,6931,10674,384,3126
vnm,6923,10208,384,1894
vnm,6925,6693,384,4168
vnm,6932,5801,384,7544
vnm,6926,7249,384,1816
vnm,6928,7701,384,1449
vnm,6920,7071,384,1940
vnm,6927,4440,384,1679
vnm,7052,7129,377,3567
vnm,7059,2869,377,5262
vnm,7060,856,377,7318
vnm,7056,2188,377,6766
vnm,7054,2451,377,18786
vnm,7055,1380,377,21385
vnm,7061,1017,377,15323
vnm,7062,980,377,11311
vnm,7058,1676,377,15311
vnm,7057,2326,377,8761
vnm,7063,1877,377,7505
vnm,7053,1208,377,15499
vnm,7019,7418,375,1609
vnm,7023,6861,375,1153
vnm,7028,5465,375,3086
vnm,7037,4349,375,2039
vnm,7035,5964,375,1755
vnm,7024,4095,375,1440
vnm,7026,3922,375,4860
vnm,7034,4295,375,2492
vnm,7038,4030,375,1392
vnm,7036,4869,375,3750
vnm,7022,9295,375,2169
vnm,7027,6134,375,2270
vnm,7020,7470,375,942
vnm,7021,5503,375,1755
vnm,6911,13769,368,202
vnm,6916,9294,368,1202
vnm,6914,13276,368,271
vnm,6913,9813,368,141
vnm,6912,8685,368,354
vnm,6924,10594,368,824
vnm,6910,4282,368,45
vnm,6930,7489,368,921
vnm,6922,9174,368,1870
vnm,6918,8294,368,2179
vnm,6917,5494,368,384
vnm,6909,11223,368,578
vnm,6915,8164,368,576
vnm,6951,864,370,6217
vnm,6952,3598,370,7601
vnm,6954,1974,370,17766
vnm,6948,2193,370,9719
vnm,6953,2697,370,9323
vnm,6946,1623,370,5591
vnm,6955,1724,370,10183
vnm,6947,1502,370,5610
vnm,6950,2132,370,27298
vnm,6949,1406,370,10626
vnm,7095,11083,379,2675
vnm,7090,3549,379,1895
vnm,7086,4733,379,1943
vnm,7087,3840,379,2090
vnm,7082,7156,379,1303
vnm,7077,7165,379,2475
vnm,7078,8149,379,2048
vnm,7093,6176,379,1251
vnm,7084,5124,379,2442
vnm,7083,8403,379,1375
vnm,7097,8319,379,2551
vnm,7079,6796,379,1007
vnm,7080,9070,379,2180
vnm,7089,3443,379,3331
vnm,7094,5361,379,2043
vnm,7088,11437,379,3559
vnm,7092,7042,379,2253
vnm,7085,5329,379,2651
vnm,7081,9445,379,1505
vnm,7096,11031,379,2368
vnm,7091,12146,379,2487
vnm,7076,17110,379,1611
vnm,7110,3991,380,2946
vnm,7106,8742,380,4363
vnm,7101,2904,380,2002
vnm,7102,4090,380,4821
vnm,7100,3300,380,4429
vnm,7105,4157,380,4504
vnm,7098,7493,380,977
vnm,7112,2971,380,3035
vnm,7111,3449,380,1474
vnm,7103,5424,380,8711
vnm,7107,4986,380,2399
vnm,7104,2212,380,5853
vnm,7108,3431,380,2498
vnm,7099,3035,380,2856
vnm,7109,5234,380,3072
vnm,7329,2179,398,6983
vnm,7325,1535,398,1879
vnm,7324,2272,398,3530
vnm,7318,2405,398,1525
vnm,7315,1602,398,5316
vnm,7319,4374,398,4396
vnm,7320,1558,398,6397
vnm,7323,1748,398,6040
vnm,7331,1713,398,11218
vnm,7321,1330,398,4707
vnm,7332,967,398,14407
vnm,7322,3106,398,4648
vnm,7317,3095,398,5622
vnm,7326,2440,398,4961
vnm,7314,5781,398,2646
vnm,7328,6321,398,7026
vnm,7327,2342,398,18004
vnm,7330,4748,398,5115
vnm,7316,4306,398,8328
vnm,7333,4963,398,12144
vnm,7171,3102,387,6274
vnm,7167,12408,387,1304
vnm,7187,14588,387,1948
vnm,7183,5719,387,2120
vnm,7166,9831,387,1317
vnm,7173,6641,387,691
vnm,7172,12210,387,1475
vnm,7184,5989,387,1694
vnm,7176,5746,387,2562
vnm,7169,3663,387,4731
vnm,7179,6512,387,1596
vnm,7185,7513,387,1451
vnm,7178,7701,387,4407
vnm,7168,9377,387,3023
vnm,7181,2714,387,1629
vnm,7174,5731,387,2592
vnm,7186,4299,387,2951
vnm,7165,12771,387,1753
vnm,7175,3850,387,586
vnm,7182,2136,387,1704
vnm,7180,4128,387,1521
vnm,7164,7331,387,2003
vnm,7170,6965,387,2141
vnm,7177,9071,387,1653
vnm,7163,9006,387,242
vnm,7299,8047,397,704
vnm,7300,9350,397,1976
vnm,7313,5204,397,2370
vnm,7310,8568,397,5720
vnm,7309,3266,397,1870
vnm,7311,8823,397,6114
vnm,7307,3983,397,941
vnm,7305,4945,397,4925
vnm,7306,7326,397,2805
vnm,7301,7816,397,6524
vnm,7304,7680,397,982
vnm,7312,21578,397,3077
vnm,7302,8324,397,1789
vnm,7303,7315,397,1200
vnm,7308,6864,397,1741
vnm,7336,281,399,62
vnm,7335,7362,399,576
vnm,7334,10638,399,434
vnm,7290,13971,396,2334
vnm,7291,6274,396,994
vnm,7294,7095,396,1606
vnm,7287,5625,396,353
vnm,7298,11418,396,3556
vnm,7292,8773,396,1859
vnm,7289,11881,396,1220
vnm,7297,14892,396,3296
vnm,7296,6495,396,4938
vnm,7295,5919,396,1368
vnm,7293,6675,396,1127
vnm,7288,6514,396,1329
vnm,7286,5714,396,1054
vnm,7273,4295,394,2126
vnm,7270,3940,394,4332
vnm,7272,1394,394,7172
vnm,7269,5347,394,7913
vnm,7271,3510,394,4482
vnm,7274,8961,395,891
vnm,7279,10271,395,2012
vnm,7276,5386,395,3515
vnm,7280,5036,395,1157
vnm,7278,6177,395,2190
vnm,7281,9827,395,1899
vnm,7283,6749,395,2455
vnm,7282,6420,395,2918
vnm,7275,7371,395,1014
vnm,7285,3691,395,4619
vnm,7284,4220,395,4043
vnm,7277,7185,395,1019
vnm,7160,15215,386,289
vnm,7153,9559,386,275
vnm,7237,19306,386,184
vnm,7156,16223,386,492
vnm,7162,8019,386,729
vnm,7161,7253,386,540
vnm,7235,12785,386,1384
vnm,7159,18443,386,492
vnm,7234,6878,386,190
vnm,7158,6280,386,63
vnm,7155,21011,386,873
vnm,7217,5927,386,1253
vnm,7224,9808,386,841
vnm,7227,8118,386,879
vnm,7219,5719,386,796
vnm,7212,9473,386,1688
vnm,7213,10043,386,175
vnm,7220,13179,386,1384
vnm,7221,8093,386,619
vnm,7216,6423,386,1326
vnm,7157,7142,386,61
vnm,7154,16112,386,258
vnm,7207,16510,386,958
vnm,7246,9780,392,6441
vnm,7259,4137,392,5300
vnm,7250,4186,392,7817
vnm,7255,5081,392,4868
vnm,7252,4675,392,2863
vnm,7247,9406,392,4660
vnm,7256,3148,392,2723
vnm,7258,6859,392,17275
vnm,7251,5345,392,9623
vnm,7249,4467,392,6838
vnm,7257,4914,392,5139
vnm,7248,7808,392,5819
vnm,7254,4526,392,5437
vnm,7253,3372,392,2569
vnm,7218,4313,390,1026
vnm,7214,9967,390,2985
vnm,7215,6425,390,2849
vnm,7225,7375,390,1969
vnm,7223,16055,390,2231
vnm,7211,7281,390,4332
vnm,7226,5527,390,1027
vnm,7210,11416,390,3240
vnm,7222,9040,390,1694
vnm,7208,12533,390,4649
vnm,7209,4905,390,2635
vnm,7260,1746,393,5637
vnm,7265,4187,393,5267
vnm,7268,1284,393,6444
vnm,7262,1525,393,4062
vnm,7266,1946,393,4997
vnm,7264,1613,393,5145
vnm,7261,3262,393,4834
vnm,7263,3136,393,3679
vnm,7267,2210,393,5125
vnm,7199,1857,389,3889
vnm,7202,2035,389,3321
vnm,7203,2120,389,2570
vnm,7201,5096,389,4610
vnm,7200,2021,389,2061
vnm,7205,2154,389,5335
vnm,7198,2360,389,5901
vnm,7206,648,389,2437
vnm,7204,2182,389,9571
vnm,7192,4116,388,2487
vnm,7197,1849,388,6214
vnm,7189,501,388,4466
vnm,7191,2205,388,6054
vnm,7194,1931,388,4089
vnm,7193,3554,388,1813
vnm,7196,5167,388,6894
vnm,7195,2284,388,8564
vnm,7190,3274,388,8825
vnm,7188,6961,388,615
vnm,7228,9331,391,598
vnm,7240,8209,391,872
vnm,7243,11287,391,1107
vnm,7239,10710,391,800
vnm,7233,16537,391,3050
vnm,7230,5731,391,1567
vnm,7245,6245,391,532
vnm,7244,8594,391,721
vnm,7236,1129,391,4645
vnm,7231,8217,391,2541
vnm,7238,1354,391,2173
vnm,7232,7045,391,1713
vnm,7241,13283,391,1671
vnm,7242,12748,391,1567
vnm,7229,6948,391,261
vnm,2412,4535,143,784
vnm,2415,2252,143,11509
vnm,2418,5765,143,16495
vnm,2417,1472,143,8139
vnm,2419,559,143,4169
vnm,2416,3458,143,9750
vnm,2414,2098,143,10400
vnm,2413,1667,143,13631
vnm,2366,3513,139,160
vnm,2368,3837,139,7884
vnm,2369,3005,139,7861
vnm,2367,4824,139,9578
vnm,2373,2757,139,6244
vnm,2372,5003,139,5246
vnm,2370,4037,139,5506
vnm,2371,4279,139,16183
vnm,2352,10359,137,221
vnm,2343,10662,137,789
vnm,2354,1517,137,1707
vnm,2344,15592,137,1061
vnm,2342,18500,137,1071
vnm,2345,6602,137,546
vnm,2349,14707,137,509
vnm,2347,10379,137,682
vnm,2348,14414,137,328
vnm,2350,10255,137,160
vnm,2351,15437,137,222
vnm,2353,3423,137,5701
vnm,2341,16545,137,1156
vnm,2355,3078,137,5599
vnm,2340,15042,137,14239
vnm,2346,21121,137,5971
vnm,2486,3059,148,426
vnm,2487,1716,148,1425
vnm,2488,1395,148,2449
vnm,2395,2405,141,1940
vnm,2386,7758,141,385
vnm,2393,5316,141,1498
vnm,2391,3044,141,2547
vnm,2388,5155,141,7328
vnm,2390,2544,141,1129
vnm,2387,3080,141,10957
vnm,2392,2983,141,748
vnm,2389,4454,141,3431
vnm,2394,4075,141,1362
vnm,2447,6910,146,9921
vnm,2452,8550,146,1150
vnm,2449,10128,146,6785
vnm,2453,7084,146,712
vnm,2446,4746,146,95
vnm,2462,7684,146,800
vnm,2459,8749,146,2290
vnm,2458,6454,146,1883
vnm,2460,7712,146,1312
vnm,2464,8334,146,823
vnm,2463,8836,146,1039
vnm,2445,36463,146,2149
vnm,2455,5533,146,1214
vnm,2451,3110,146,612
vnm,2456,4102,146,888
vnm,2454,5885,146,900
vnm,2448,2747,146,8951
vnm,2450,4168,146,790
vnm,2457,6459,146,679
vnm,2465,4857,146,822
vnm,2461,10642,146,1108
vnm,2318,7834,135,141
vnm,2311,24906,135,1486
vnm,2312,20902,135,304
vnm,2306,19700,135,435
vnm,2322,9375,135,3137
vnm,2307,18284,135,554
vnm,2317,7328,135,110
vnm,2316,19777,135,346
vnm,2319,21806,135,374
vnm,2305,16787,135,1340
vnm,2303,8346,135,3105
vnm,2310,10696,135,481
vnm,2304,11987,135,1848
vnm,2309,9005,135,644
vnm,2308,14721,135,1201
vnm,2313,7512,135,562
vnm,2315,10459,135,72
vnm,2320,2571,135,468
vnm,2321,9991,135,3034
vnm,2314,12250,135,146
vnm,2411,540,142,2122
vnm,2405,4062,142,4298
vnm,2408,2465,142,108
vnm,2403,7558,142,1475
vnm,2397,3702,142,11837
vnm,2409,3392,142,931
vnm,2396,7255,142,142
vnm,2404,5255,142,1825
vnm,2402,4929,142,795
vnm,2406,5085,142,3277
vnm,2398,4129,142,19600
vnm,2400,2483,142,687
vnm,2401,2710,142,1086
vnm,2399,3538,142,3634
vnm,2407,1372,142,219
vnm,2410,2478,142,110
vnm,2441,1815,145,3813
vnm,2436,2281,145,14477
vnm,2434,2855,145,15836
vnm,2439,1115,145,3077
vnm,2437,1177,145,9635
vnm,2433,730,145,12255
vnm,2444,6903,145,2665
vnm,2440,2922,145,3528
vnm,2443,5140,145,8985
vnm,2435,2428,145,9454
vnm,2442,11074,145,7837
vnm,2432,11489,145,1401
vnm,2438,2114,145,6397
vnm,2329,1703,136,5465
vnm,2337,3377,136,629
vnm,2330,7378,136,3000
vnm,2334,16115,136,1700
vnm,2328,1533,136,9554
vnm,2331,5876,136,2774
vnm,2335,10008,136,941
vnm,2332,14136,136,4237
vnm,2326,4319,136,58
vnm,2323,8001,136,157
vnm,2325,10666,136,966
vnm,2333,3637,136,5705
vnm,2324,3807,136,131
vnm,2327,5014,136,518
vnm,2336,6757,136,1865
vnm,2339,3083,136,1984
vnm,2338,1706,136,1693
vnm,2479,4852,147,420
vnm,2472,7638,147,880
vnm,2467,7522,147,1804
vnm,2478,8710,147,862
vnm,2471,9464,147,797
vnm,2474,3939,147,841
vnm,2482,8397,147,706
vnm,2484,9556,147,1041
vnm,2468,11507,147,2850
vnm,2477,6067,147,490
vnm,2483,6272,147,805
vnm,2480,8577,147,539
vnm,2466,14348,147,489
vnm,2470,12054,147,1670
vnm,2475,5197,147,510
vnm,2473,9105,147,1241
vnm,2485,2053,147,398
vnm,2476,3120,147,206
vnm,2481,5468,147,591
vnm,2376,1530,140,3436
vnm,2377,1084,140,2414
vnm,2385,2636,140,1501
vnm,2379,1368,140,6474
vnm,2382,5848,140,3388
vnm,2380,7785,140,6070
vnm,2383,5978,140,5725
vnm,2375,2525,140,19192
vnm,2378,4199,140,8408
vnm,2384,6781,140,2885
vnm,2374,7406,140,718
vnm,2381,3187,140,6150
vnm,2358,6853,138,3372
vnm,2469,1916,138,516
vnm,2361,8111,138,912
vnm,2364,14971,138,2467
vnm,2365,13432,138,1742
vnm,2359,21973,138,1255
vnm,2357,17210,138,1148
vnm,2363,5585,138,8314
vnm,2360,8169,138,390
vnm,2356,12121,138,6488
vnm,2362,9319,138,942
vnm,2428,1064,144,7330
vnm,2422,1341,144,2116
vnm,2420,9273,144,324
vnm,2421,2046,144,8829
vnm,2425,2796,144,3195
vnm,2427,10615,144,1039
vnm,2426,10361,144,2030
vnm,2424,1063,144,4605
vnm,2431,815,144,3169
vnm,2430,3536,144,4303
vnm,2429,1596,144,2337
vnm,2423,1362,144,10579
vnm,11160,102,351,225
vnm,6654,5718,348,1409
vnm,6659,4466,348,6925
vnm,6658,5386,348,2969
vnm,6652,6726,348,1075
vnm,6660,4975,348,6632
vnm,6655,4802,348,2434
vnm,6656,2498,348,1408
vnm,6657,6891,348,5225
vnm,6653,5012,348,12010
vnm,6650,2641,347,3035
vnm,6651,3296,347,5780
vnm,6648,2933,347,9281
vnm,6643,2225,347,8630
vnm,6645,3274,347,7682
vnm,6641,5499,347,12942
vnm,6644,532,347,10289
vnm,6640,4934,347,17486
vnm,6647,1656,347,16161
vnm,6638,4552,347,2578
vnm,6639,1767,347,2318
vnm,6646,3521,347,22091
vnm,6649,4564,347,7278
vnm,6642,1013,347,6223
vnm,6560,5183,342,564
vnm,6562,8740,342,955
vnm,6567,12585,342,2193
vnm,6563,4546,342,533
vnm,6561,19873,342,290
vnm,6564,5297,342,192
vnm,6568,6787,342,2193
vnm,6565,4921,342,580
vnm,6566,24846,342,431
vnm,6618,5265,346,696
vnm,6627,3611,346,3050
vnm,6625,2322,346,1306
vnm,6628,3936,346,1920
vnm,6626,3136,346,1130
vnm,6633,1519,346,611
vnm,6617,8180,346,896
vnm,6623,4303,346,3309
vnm,6634,4854,346,1651
vnm,6622,3635,346,1502
vnm,6637,3002,346,2162
vnm,6632,2673,346,989
vnm,6629,2274,346,1476
vnm,6630,5128,346,417
vnm,6635,3666,346,3114
vnm,6636,2319,346,2202
vnm,6631,1879,346,21148
vnm,6619,3565,346,1137
vnm,6620,3914,346,1287
vnm,6621,4478,346,3257
vnm,6624,652,346,896
vnm,6681,4164,350,1344
vnm,6682,4518,350,2529
vnm,6699,6468,350,4073
vnm,6690,3804,350,2688
vnm,6694,4073,350,1291
vnm,6700,2743,350,978
vnm,6692,3783,350,9764
vnm,6680,3186,350,249
vnm,6687,4516,350,2040
vnm,6685,3043,350,1773
vnm,6684,4009,350,778
vnm,6698,4226,350,6547
vnm,6695,3544,350,899
vnm,6697,5313,350,2785
vnm,6693,1746,350,675
vnm,6691,2708,350,1521
vnm,6689,4810,350,1905
vnm,6696,4509,350,5310
vnm,6686,3636,350,1262
vnm,6683,3946,350,960
vnm,6613,3151,345,3550
vnm,6615,2385,345,1422
vnm,6614,2518,345,1931
vnm,6611,3958,345,7321
vnm,6597,1614,345,19353
vnm,6610,3115,345,6085
vnm,6601,2283,345,13020
vnm,6599,5454,345,15393
vnm,6600,2201,345,24790
vnm,6603,3140,345,3086
vnm,6598,1507,345,7529
vnm,6608,3917,345,7771
vnm,6595,11911,345,1545
vnm,6596,11889,345,1996
vnm,6602,4514,345,3976
vnm,6606,4405,345,2332
vnm,6607,4399,345,1550
vnm,6605,4350,345,2365
vnm,6604,3610,345,5531
vnm,6612,3851,345,2355
vnm,6609,3468,345,2641
vnm,6616,2275,345,2443
vnm,6570,1533,343,263
vnm,6688,3886,343,6982
vnm,6569,4214,343,183
vnm,6571,5740,343,188
vnm,6572,7508,343,200
vnm,6661,4197,349,391
vnm,6676,4445,349,11887
vnm,6662,6181,349,1133
vnm,6668,4323,349,992
vnm,6665,5372,349,822
vnm,6674,4555,349,663
vnm,6678,4506,349,705
vnm,6669,4718,349,1201
vnm,6670,3965,349,1206
vnm,6672,5523,349,964
vnm,6664,6095,349,1174
vnm,6671,3379,349,2280
vnm,6673,4395,349,800
vnm,6679,3520,349,228
vnm,6667,5015,349,788
vnm,6677,5880,349,7219
vnm,6666,4872,349,3829
vnm,6675,4447,349,893
vnm,6663,2343,349,1268
vnm,6574,3946,344,435
vnm,6590,6069,344,447
vnm,6573,12683,344,831
vnm,6577,4357,344,6031
vnm,6593,4519,344,770
vnm,6591,1689,344,19918
vnm,6585,1890,344,799
vnm,6584,3631,344,1694
vnm,6583,929,344,2579
vnm,6579,2451,344,1470
vnm,6587,5038,344,1515
vnm,6581,5789,344,3304
vnm,6582,3219,344,1145
vnm,6594,1185,344,10666
vnm,6592,5949,344,4033
vnm,6589,2302,344,623
vnm,6580,3047,344,1368
vnm,6586,5726,344,5289
vnm,6575,2706,344,1556
vnm,6588,3505,344,1128
vnm,6578,2424,344,1612
vnm,6576,3279,344,4219
vnm,10918,16844,686,3801
vnm,10920,13257,686,4294
vnm,10909,8620,686,911
vnm,10910,12293,686,5614
vnm,10911,13900,686,4845
vnm,10914,14093,686,3198
vnm,10915,7938,686,2975
vnm,10912,7399,686,2139
vnm,10926,7378,689,1777
vnm,10930,6767,689,1914
vnm,10931,10105,689,2686
vnm,10928,7971,689,1915
vnm,10932,6605,689,3528
vnm,10927,4971,689,1648
vnm,10925,5818,689,769
vnm,10929,8001,689,2756
vnm,10899,9073,687,1342
vnm,10896,10463,687,1626
vnm,10907,10937,687,3312
vnm,10901,11915,687,3593
vnm,10906,16893,687,4407
vnm,10905,6898,687,2493
vnm,10895,12655,687,1652
vnm,10904,8117,687,2923
vnm,10903,10625,687,2185
vnm,10898,5188,687,714
vnm,10902,13775,687,3821
vnm,10900,11271,687,2950
vnm,10897,20025,687,3987
vnm,10941,5383,690,1765
vnm,10935,8338,690,858
vnm,10936,4337,690,1642
vnm,10937,8021,690,2654
vnm,10933,12947,690,2483
vnm,10943,12192,690,5531
vnm,10939,5245,690,1497
vnm,10934,6575,690,1654
vnm,10940,9659,690,3822
vnm,10942,8095,690,2506
vnm,10938,12563,690,3626
vnm,10908,6876,688,1282
vnm,10916,9361,688,4628
vnm,10913,10050,688,4636
vnm,10917,8839,688,3150
vnm,10921,13289,688,11466
vnm,10923,8016,688,3138
vnm,10919,8928,688,5063
vnm,10924,12377,688,4876
vnm,10922,11978,688,4356
vnm,10952,17754,691,3060
vnm,10962,7191,691,657
vnm,10964,7178,691,1351
vnm,10961,7837,691,681
vnm,10965,10062,691,701
vnm,10950,19775,691,1325
vnm,10959,9856,691,607
vnm,10963,9310,691,317
vnm,10958,20420,691,3597
vnm,10960,23272,691,5101
vnm,10953,16092,691,4381
vnm,10970,6018,692,3446
vnm,10972,6423,692,2425
vnm,10973,6975,692,3467
vnm,10966,15165,692,2149
vnm,10967,14619,692,5137
vnm,10971,7343,692,3856
vnm,10969,7394,692,3877
vnm,10968,9154,692,3604
vnm,10890,5926,685,28
vnm,10894,5428,685,900
vnm,10889,26259,685,687
vnm,10892,24529,685,710
vnm,10891,12971,685,706
vnm,10885,15236,685,2430
vnm,10888,12010,685,231
vnm,10886,9581,685,929
vnm,10887,12434,685,1172
vnm,10893,8978,685,724
vnm,10983,5084,693,3427
vnm,10975,9554,693,2311
vnm,10978,5101,693,2076
vnm,10976,6128,693,4949
vnm,10974,14857,693,3031
vnm,10977,8162,693,4623
vnm,10981,8129,693,4117
vnm,10979,6478,693,3580
vnm,10982,4752,693,2655
vnm,10980,4549,693,2998
vnm,10944,8869,695,3014
vnm,10948,12707,695,2481
vnm,10947,6787,695,1855
vnm,10946,11018,695,4502
vnm,10951,12572,695,4791
vnm,10955,9821,695,5805
vnm,10956,8239,695,3684
vnm,10945,13518,695,1328
vnm,10949,12488,695,2787
vnm,10954,8202,695,3141
vnm,10957,7280,695,3625
vnm,10985,10145,694,423
vnm,10986,10880,694,660
vnm,10989,14012,694,1717
vnm,10993,21212,694,1402
vnm,10984,15449,694,747
vnm,10990,23435,694,2758
vnm,10988,20932,694,4968
vnm,10987,8011,694,567
vnm,10991,23507,694,1924
vnm,10992,15381,694,1022
vnm,1373,6644,87,7796
vnm,1367,5528,87,1008
vnm,1382,3734,87,8786
vnm,1375,5602,87,8573
vnm,1378,4143,87,6936
vnm,1369,3480,87,17297
vnm,1372,3012,87,17236
vnm,1380,4466,87,7630
vnm,1374,3472,87,6663
vnm,1376,4565,87,7219
vnm,1368,4782,87,6069
vnm,1381,2313,87,5284
vnm,1377,4844,87,9630
vnm,1379,3632,87,8434
vnm,1371,3101,87,5103
vnm,1370,2930,87,10248
vnm,1421,7442,89,12958
vnm,1425,3395,89,10512
vnm,1412,8499,89,11327
vnm,1427,5493,89,5698
vnm,1422,4245,89,8506
vnm,1432,4783,89,13647
vnm,1410,12255,89,1390
vnm,1426,5886,89,11296
vnm,1417,3951,89,5455
vnm,1411,29228,89,9373
vnm,1428,3775,89,7807
vnm,1414,3702,89,8340
vnm,1418,3374,89,3398
vnm,1413,5749,89,10501
vnm,1416,10610,89,12247
vnm,1459,7721,91,4475
vnm,1457,6475,91,7732
vnm,1462,5889,91,9064
vnm,1469,2895,91,3896
vnm,1470,2922,91,3421
vnm,1472,9715,91,14287
vnm,1463,4939,91,2672
vnm,1460,12560,91,4371
vnm,1467,5518,91,16430
vnm,1455,5794,91,5797
vnm,1471,2949,91,4608
vnm,1466,18948,91,11898
vnm,1454,16539,91,1710
vnm,1464,9702,91,6825
vnm,1456,7638,91,8549
vnm,1461,6690,91,4910
vnm,1458,4297,91,3644
vnm,1474,3736,91,11892
vnm,1465,8072,91,8074
vnm,1468,7261,91,19050
vnm,1473,8349,91,14552
vnm,1475,4069,91,9896
vnm,1359,3021,86,10752
vnm,1361,5497,86,17565
vnm,1365,7083,86,8494
vnm,1353,9570,86,15014
vnm,1358,1818,86,10221
vnm,1363,3803,86,4093
vnm,1354,4884,86,12225
vnm,1351,11625,86,4238
vnm,1364,10981,86,11109
vnm,1366,6624,86,7176
vnm,1356,1988,86,5443
vnm,1352,3724,86,14488
vnm,1357,4489,86,12388
vnm,1355,10910,86,26636
vnm,1360,7758,86,5367
vnm,1362,4982,86,8034
vnm,1409,1885,88,4356
vnm,1406,2417,88,5097
vnm,1391,6689,88,3577
vnm,1388,5680,88,3269
vnm,1393,5698,88,2894
vnm,1394,4784,88,2660
vnm,1389,4448,88,1894
vnm,1397,2606,88,2613
vnm,1404,5926,88,7230
vnm,1405,4555,88,15707
vnm,1386,6962,88,8071
vnm,1398,3366,88,11367
vnm,1395,2578,88,6852
vnm,1385,3947,88,8553
vnm,1408,2032,88,6822
vnm,1383,8835,88,128
vnm,1387,7658,88,5713
vnm,1399,2620,88,3274
vnm,1396,3463,88,5291
vnm,1384,4025,88,17580
vnm,1390,5954,88,7638
vnm,1407,1945,88,3678
vnm,1403,2457,88,2171
vnm,1402,1830,88,6058
vnm,1392,4919,88,1845
vnm,1400,4972,88,2267
vnm,1401,1470,88,3647
vnm,1312,4325,84,21044
vnm,1318,6638,84,3370
vnm,1313,6815,84,16939
vnm,1321,7455,84,4795
vnm,1316,3033,84,9564
vnm,1311,1529,84,8578
vnm,1317,10609,84,7692
vnm,1314,11244,84,23410
vnm,1319,3626,84,5679
vnm,1320,4855,84,8044
vnm,1315,3317,84,10458
vnm,1498,4374,93,9990
vnm,1502,9202,93,31050
vnm,1500,3499,93,46793
vnm,1501,11005,93,34914
vnm,1499,3764,93,20046
vnm,1496,7483,93,18703
vnm,1497,6790,93,5510
vnm,1495,3437,93,16558
vnm,1306,6535,83,2786
vnm,1303,5236,83,4931
vnm,1307,6073,83,1368
vnm,1304,5893,83,8406
vnm,1299,11187,83,357
vnm,1308,9945,83,5691
vnm,1310,14542,83,2789
vnm,1305,5752,83,7719
vnm,1309,8574,83,5189
vnm,1302,7291,83,297
vnm,1301,14308,83,522
vnm,1300,8043,83,229
vnm,1477,5390,92,8584
vnm,1489,12812,92,16234
vnm,1480,6239,92,8233
vnm,1488,14606,92,13649
vnm,1494,12433,92,10293
vnm,1479,5625,92,9161
vnm,1485,8073,92,7581
vnm,1483,8286,92,17362
vnm,1490,7374,92,17349
vnm,1492,6005,92,17913
vnm,1493,9496,92,11506
vnm,1481,5656,92,4125
vnm,1491,4564,92,7471
vnm,1487,3257,92,12570
vnm,1482,9420,92,16061
vnm,1486,16770,92,12591
vnm,1478,2972,92,3010
vnm,1476,6751,92,515
vnm,1484,7160,92,9986
vnm,1350,3934,85,7934
vnm,1341,8546,85,7838
vnm,1346,5915,85,4526
vnm,1337,6456,85,11541
vnm,1326,3031,85,3458
vnm,1332,8305,85,3940
vnm,1327,5813,85,6199
vnm,1344,4512,85,2565
vnm,1325,7554,85,3318
vnm,1342,6807,85,18397
vnm,1347,2784,85,3707
vnm,1329,3176,85,5261
vnm,1328,4331,85,8041
vnm,1336,4320,85,14526
vnm,1348,4124,85,3666
vnm,1335,9585,85,9087
vnm,1324,8015,85,11163
vnm,1334,9575,85,8474
vnm,1345,8234,85,19541
vnm,1333,3070,85,1865
vnm,1349,2753,85,3861
vnm,1330,5573,85,6335
vnm,1323,7591,85,11497
vnm,1331,5280,85,2050
vnm,1343,3425,85,3203
vnm,1338,6494,85,1834
vnm,1322,4810,85,144
vnm,1340,6623,85,4337
vnm,1339,11016,85,2921
vnm,1429,5034,94,8261
vnm,1436,3101,94,9705
vnm,1435,3920,94,10484
vnm,1420,2954,94,3925
vnm,1434,6492,94,6559
vnm,1430,1807,94,5564
vnm,1424,3533,94,4872
vnm,1431,2089,94,7304
vnm,1419,4800,94,6128
vnm,1415,3366,94,9387
vnm,1438,4905,94,20124
vnm,1423,4684,94,5371
vnm,1433,10409,94,9564
vnm,1437,4275,94,12053
vnm,1440,8323,90,8963
vnm,1445,5321,90,11207
vnm,1449,3039,90,3903
vnm,1447,6033,90,8306
vnm,1443,4090,90,4903
vnm,1442,4222,90,2519
vnm,1453,4510,90,8631
vnm,1451,5018,90,11493
vnm,1446,3361,90,6310
vnm,1452,11029,90,11410
vnm,1441,4255,90,7366
vnm,1450,7810,90,12117
vnm,1444,2272,90,3414
vnm,1439,4237,90,198
vnm,1448,5047,90,5810
vnm,8857,11165,525,2860
vnm,8849,8451,525,693
vnm,8855,8101,525,4982
vnm,8850,5627,525,3092
vnm,8852,5520,525,1852
vnm,8854,6097,525,3314
vnm,8851,1675,525,3803
vnm,8856,8810,525,2664
vnm,8853,13496,525,4025
vnm,8827,6274,522,2405
vnm,8822,9370,522,4247
vnm,8823,4073,522,4127
vnm,8817,9399,522,725
vnm,8820,12056,522,4200
vnm,8818,8948,522,4282
vnm,8826,3055,522,4492
vnm,8824,4458,522,4136
vnm,8831,7208,522,3576
vnm,8830,7694,522,9830
vnm,8819,11083,522,8484
vnm,8821,15940,522,3439
vnm,8828,19715,522,2703
vnm,8829,12099,522,8059
vnm,8825,7588,522,2310
vnm,8814,5118,521,3938
vnm,8811,19604,521,2143
vnm,8813,9191,521,3955
vnm,8812,11021,521,3741
vnm,8806,6212,521,470
vnm,8815,7877,521,2677
vnm,8808,7181,521,2920
vnm,8810,11061,521,3617
vnm,8809,9206,521,5294
vnm,8807,15117,521,9813
vnm,8816,16623,521,4534
vnm,8844,17764,524,4210
vnm,8842,15068,524,2965
vnm,8840,23732,524,678
vnm,8843,17343,524,4547
vnm,8846,18951,524,2717
vnm,8845,11040,524,2440
vnm,8847,8351,524,1220
vnm,8841,20746,524,8533
vnm,8848,18650,524,2889
vnm,8833,18107,523,576
vnm,8832,12437,523,458
vnm,8834,17962,523,596
vnm,8839,15918,523,1163
vnm,8837,18755,523,1015
vnm,8836,16534,523,2714
vnm,8835,11981,523,2197
vnm,8838,24888,523,894
vnm,8790,7663,519,10762
vnm,8792,10059,519,5013
vnm,8784,14389,519,1000
vnm,8787,5795,519,21033
vnm,8785,10734,519,20073
vnm,8791,13424,519,7576
vnm,8786,3546,519,10381
vnm,8788,13274,519,13218
vnm,8789,11566,519,6837
vnm,8793,10560,519,5916
vnm,8800,12544,520,12540
vnm,8799,12288,520,18554
vnm,8794,9137,520,845
vnm,8796,15730,520,10005
vnm,8797,11636,520,12444
vnm,8795,6815,520,5914
vnm,8801,6963,520,4353
vnm,8798,8809,520,29204
vnm,8805,16694,520,6697
vnm,8804,9884,520,5122
vnm,8803,13018,520,12998
vnm,8802,9926,520,4824
vnm,8781,8309,518,2314
vnm,8777,18786,518,432
vnm,8782,22515,518,2945
vnm,8783,15681,518,1761
vnm,8774,15095,518,977
vnm,8778,7333,518,138
vnm,8775,16365,518,624
vnm,8776,11183,518,258
vnm,8780,6736,518,2374
vnm,8779,9378,518,4600
vnm,8867,23113,526,3337
vnm,8866,40838,526,3930
vnm,8865,10232,526,2553
vnm,8859,12011,526,6730
vnm,8863,11541,526,1415
vnm,8862,21180,526,3564
vnm,8860,10008,526,4951
vnm,8861,19411,526,5345
vnm,8868,9177,526,5366
vnm,8864,5792,526,1512
vnm,8858,13371,526,445
vnm,6822,2421,358,2007
vnm,6803,7493,358,1630
vnm,6811,3536,358,1034
vnm,6820,2747,358,6907
vnm,6809,1256,358,1291
vnm,6821,1430,358,3217
vnm,6810,2163,358,3778
vnm,6805,1802,358,16710
vnm,6806,1845,358,4948
vnm,6814,2097,358,592
vnm,6823,3114,358,14577
vnm,6818,1154,358,7717
vnm,6817,2570,358,4525
vnm,6807,2091,358,7825
vnm,6804,3057,358,4907
vnm,6819,2174,358,6215
vnm,6808,1275,358,38711
vnm,6815,492,358,9893
vnm,6816,2275,358,4385
vnm,6813,954,358,3376
vnm,6812,2597,358,2019
vnm,6720,23506,352,295
vnm,6726,18209,352,489
vnm,6721,11658,352,618
vnm,6727,11511,352,1225
vnm,6713,10543,352,110
vnm,6724,12534,352,825
vnm,6722,11940,352,385
vnm,6711,16233,352,235
vnm,6702,7394,352,33
vnm,6710,7320,352,39
vnm,6706,11746,352,90
vnm,6715,9149,352,92
vnm,6705,12130,352,90
vnm,6709,5083,352,25
vnm,6716,7883,352,77
vnm,6701,6995,352,46
vnm,6719,19230,352,112
vnm,6703,18415,352,135
vnm,6707,13340,352,107
vnm,6704,14319,352,107
vnm,6708,11685,352,157
vnm,6723,10296,352,615
vnm,6725,20255,352,935
vnm,6718,15792,352,183
vnm,6712,18904,352,174
vnm,6714,5877,352,117
vnm,6717,14566,352,191
vnm,6786,1526,356,28825
vnm,6775,15313,356,1900
vnm,6785,1656,356,3994
vnm,6782,8019,356,2436
vnm,6780,11288,356,2101
vnm,6778,14798,356,1407
vnm,6781,8697,356,1001
vnm,6784,13316,356,3841
vnm,6779,16080,356,3179
vnm,6783,4648,356,730
vnm,6777,8870,356,993
vnm,6776,7852,356,579
vnm,6800,4045,357,13808
vnm,6802,3919,357,6698
vnm,6788,5439,357,416
vnm,6801,1130,357,2435
vnm,6796,6307,357,1225
vnm,6797,2983,357,7210
vnm,6795,9317,357,1858
vnm,6798,10383,357,3548
vnm,6789,8792,357,820
vnm,6799,4886,357,5268
vnm,6790,11887,357,1327
vnm,6792,8118,357,1613
vnm,6791,6069,357,5280
vnm,6793,13912,357,693
vnm,6794,7929,357,1555
vnm,6787,8465,357,872
vnm,6848,1255,360,894
vnm,6849,2737,360,1232
vnm,6847,2252,360,1368
vnm,6845,2019,360,7866
vnm,6843,2732,360,9489
vnm,6844,1433,360,5160
vnm,6842,3406,360,471
vnm,6850,1287,360,12868
vnm,6851,2492,360,6264
vnm,6852,2294,360,13540
vnm,6846,1939,360,18846
vnm,6736,4181,353,870
vnm,6733,3521,353,1345
vnm,6729,2380,353,1730
vnm,6731,4170,353,1349
vnm,6730,2081,353,1832
vnm,6741,11292,353,3549
vnm,6732,6073,353,1864
vnm,6734,6714,353,4024
vnm,6728,7327,353,2157
vnm,6735,3798,353,548
vnm,6739,6936,353,4509
vnm,6737,6679,353,3588
vnm,6740,5147,353,47436
vnm,6743,8025,353,12311
vnm,6738,3027,353,3171
vnm,6742,5128,353,18653
vnm,6835,11506,359,2773
vnm,6831,14105,359,3775
vnm,6833,1928,359,1628
vnm,6836,13535,359,10228
vnm,6840,2615,359,3884
vnm,6832,8456,359,2270
vnm,6837,8853,359,8140
vnm,6839,8128,359,6471
vnm,6838,6488,359,6245
vnm,6834,6750,359,3451
vnm,6825,10711,359,9376
vnm,6824,10335,359,1752
vnm,6829,3413,359,857
vnm,6828,1702,359,506
vnm,6830,6461,359,565
vnm,6827,6681,359,861
vnm,6826,3794,359,828
vnm,6841,2705,359,5165
vnm,6759,9460,355,400
vnm,6769,11566,355,2944
vnm,6762,9432,355,687
vnm,6757,10803,355,635
vnm,6760,6111,355,152
vnm,6766,4809,355,1123
vnm,6768,6002,355,2088
vnm,6758,10378,355,751
vnm,6764,10414,355,1092
vnm,6763,3878,355,635
vnm,6756,7354,355,209
vnm,6765,19580,355,669
vnm,6761,7864,355,1690
vnm,6755,20641,355,347
vnm,6771,6615,355,1516
vnm,6774,8218,355,1638
vnm,6772,3409,355,450
vnm,6773,4636,355,2226
vnm,6770,9641,355,990
vnm,6767,6578,355,1534
vnm,6751,7370,354,992
vnm,6748,4314,354,603
vnm,6747,6155,354,2546
vnm,6746,4481,354,715
vnm,6754,9761,354,1290
vnm,6749,6397,354,580
vnm,6753,6389,354,965
vnm,6745,4222,354,1714
vnm,6752,8410,354,970
vnm,6750,8795,354,2313
vnm,6744,9879,354,1110
vnm,4339,5185,244,477
vnm,4366,3350,244,487
vnm,4348,4894,244,468
vnm,4380,4734,244,456
vnm,4336,4016,244,496
vnm,4373,6826,244,751
vnm,4358,8297,244,476
vnm,4341,6843,244,904
vnm,4364,4845,244,408
vnm,4376,2823,244,276
vnm,4354,4251,244,462
vnm,4356,4803,244,321
vnm,4353,5703,244,631
vnm,4375,5020,244,538
vnm,4335,4225,244,68
vnm,4377,2473,244,360
vnm,4355,6152,244,615
vnm,4345,10509,244,808
vnm,4374,4221,244,510
vnm,4370,2386,244,314
vnm,4337,8715,244,858
vnm,4371,5424,244,438
vnm,4340,8534,244,803
vnm,4362,5748,244,781
vnm,4363,7478,244,726
vnm,4347,5383,244,643
vnm,4372,6373,244,547
vnm,4365,4138,244,477
vnm,4369,5835,244,522
vnm,4352,6648,244,814
vnm,4351,4414,244,385
vnm,4360,3065,244,402
vnm,4368,3040,244,359
vnm,4338,7028,244,647
vnm,4344,4905,244,510
vnm,4343,7460,244,653
vnm,4361,3919,244,389
vnm,4346,5219,244,448
vnm,4349,6337,244,550
vnm,4350,6381,244,547
vnm,4359,6114,244,551
vnm,4342,7147,244,558
vnm,4357,4640,244,408
vnm,4367,7118,244,686
vnm,4314,5606,243,545
vnm,4303,7086,243,716
vnm,4305,5303,243,401
vnm,4332,6803,243,930
vnm,4324,6735,243,432
vnm,4331,6533,243,736
vnm,4304,4428,243,499
vnm,4301,9706,243,1016
vnm,4310,7778,243,739
vnm,4315,7844,243,758
vnm,4311,7287,243,649
vnm,4326,9102,243,912
vnm,4328,5351,243,636
vnm,4334,8748,243,986
vnm,4323,3557,243,401
vnm,4306,10204,243,992
vnm,4307,4783,243,584
vnm,4300,9130,243,692
vnm,4309,13853,243,1008
vnm,4327,7906,243,719
vnm,4317,5494,243,483
vnm,4333,6406,243,782
vnm,4325,5555,243,668
vnm,4329,6088,243,650
vnm,4316,5038,243,562
vnm,4312,5585,243,500
vnm,4302,11391,243,853
vnm,4308,6836,243,651
vnm,4318,6767,243,766
vnm,4319,8450,243,867
vnm,4321,5083,243,562
vnm,4322,9433,243,827
vnm,4320,8512,243,807
vnm,4313,5907,243,553
vnm,4330,7035,243,786
vnm,4488,3402,247,504
vnm,4468,4068,247,535
vnm,4501,8937,247,1131
vnm,4485,5999,247,678
vnm,4471,7412,247,820
vnm,4500,5282,247,654
vnm,4480,3059,247,389
vnm,4470,5616,247,655
vnm,4502,5758,247,774
vnm,4484,5966,247,706
vnm,4473,5863,247,742
vnm,4495,3376,247,507
vnm,4498,6671,247,752
vnm,4499,5826,247,824
vnm,4479,6323,247,535
vnm,4466,6325,247,749
vnm,4487,9403,247,740
vnm,4496,6294,247,494
vnm,4483,4642,247,548
vnm,4493,5405,247,579
vnm,4494,8199,247,926
vnm,4474,2321,247,241
vnm,4464,8931,247,796
vnm,4477,6293,247,663
vnm,4478,5709,247,611
vnm,4465,6263,247,868
vnm,4482,3992,247,394
vnm,4497,4472,247,439
vnm,4491,5221,247,593
vnm,4492,6279,247,610
vnm,4476,6266,247,650
vnm,4481,9195,247,663
vnm,4486,5152,247,327
vnm,4472,2835,247,333
vnm,4469,8257,247,812
vnm,4490,4363,247,558
vnm,4489,5531,247,426
vnm,4280,5552,242,674
vnm,4279,8658,242,800
vnm,4272,4783,242,517
vnm,4264,7058,242,704
vnm,4295,5050,242,554
vnm,4268,4122,242,477
vnm,4263,8852,242,678
vnm,4288,6417,242,603
vnm,4291,8680,242,937
vnm,4276,8713,242,873
vnm,4284,4287,242,538
vnm,4271,4273,242,486
vnm,4285,4882,242,478
vnm,4298,4533,242,588
vnm,4293,8138,242,737
vnm,4287,6009,242,632
vnm,4299,9854,242,1136
vnm,4296,8593,242,907
vnm,4290,3847,242,445
vnm,4286,3529,242,380
vnm,4262,4724,242,145
vnm,4270,5688,242,540
vnm,4278,7792,242,772
vnm,4273,11337,242,875
vnm,4281,7654,242,892
vnm,4265,7216,242,849
vnm,4269,9602,242,866
vnm,4289,5229,242,653
vnm,4274,4048,242,494
vnm,4266,3510,242,373
vnm,4283,6092,242,512
vnm,4275,4279,242,530
vnm,4277,8536,242,940
vnm,4292,6311,242,600
vnm,4282,5002,242,616
vnm,4267,5658,242,637
vnm,4297,6129,242,633
vnm,4294,4156,242,454
vnm,4249,12336,241,98
vnm,4250,6027,241,68
vnm,4257,9204,241,665
vnm,4378,6995,241,531
vnm,4379,4284,241,278
vnm,4258,14628,241,660
vnm,4251,17507,241,194
vnm,4248,5490,241,65
vnm,4253,6045,241,118
vnm,4259,12273,241,725
vnm,4252,17131,241,135
vnm,4514,7211,241,438
vnm,4254,13487,241,297
vnm,4255,8561,241,208
vnm,4256,20617,241,398
vnm,4261,12562,241,734
vnm,4467,8118,241,724
vnm,4475,10862,241,921
vnm,4260,9522,241,766
vnm,4381,10074,245,162
vnm,4384,2622,245,316
vnm,4422,6560,245,773
vnm,4388,4057,245,501
vnm,4396,5050,245,535
vnm,4397,4409,245,524
vnm,4398,4300,245,562
vnm,4385,3923,245,583
vnm,4394,5190,245,507
vnm,4403,4510,245,594
vnm,4399,5231,245,448
vnm,4386,3797,245,514
vnm,4404,6163,245,734
vnm,4390,5111,245,629
vnm,4402,7938,245,806
vnm,4401,5012,245,405
vnm,4389,6166,245,880
vnm,4407,8142,245,803
vnm,4400,3285,245,382
vnm,4387,7093,245,842
vnm,4406,8152,245,861
vnm,4382,3548,245,479
vnm,4405,6521,245,587
vnm,4395,6582,245,711
vnm,4383,8115,245,1456
vnm,4392,5216,245,591
vnm,4391,3998,245,578
vnm,4393,8518,245,394
vnm,4416,2869,245,339
vnm,4419,5861,245,831
vnm,4411,3231,245,469
vnm,4412,5937,245,742
vnm,4425,3275,245,474
vnm,4415,3508,245,508
vnm,4421,4057,245,449
vnm,4413,5880,245,591
vnm,4418,4974,245,603
vnm,4409,6958,245,690
vnm,4417,7051,245,922
vnm,4414,5745,245,698
vnm,4423,3220,245,498
vnm,4426,4346,245,691
vnm,4428,6424,245,796
vnm,4410,2459,245,411
vnm,4427,3805,245,739
vnm,4424,3324,245,571
vnm,4408,6319,245,636
vnm,4420,4207,245,411
vnm,4443,6633,246,736
vnm,4455,8319,246,787
vnm,4445,6781,246,957
vnm,4430,3029,246,357
vnm,4439,6178,246,762
vnm,4447,5111,246,574
vnm,4432,4743,246,822
vnm,4440,8370,246,679
vnm,4442,5934,246,733
vnm,4433,4930,246,562
vnm,4431,3611,246,517
vnm,4438,4593,246,526
vnm,4435,6260,246,559
vnm,4454,7138,246,743
vnm,4451,2894,246,171
vnm,4462,9377,246,836
vnm,4460,10234,246,929
vnm,4457,6522,246,726
vnm,4461,5038,246,932
vnm,4463,4422,246,634
vnm,4453,8072,246,656
vnm,4456,6751,246,583
vnm,4458,6875,246,465
vnm,4459,11530,246,939
vnm,4448,6031,246,541
vnm,4441,3203,246,447
vnm,4446,6449,246,565
vnm,4436,6357,246,744
vnm,4437,5727,246,643
vnm,4449,4330,246,529
vnm,4444,3856,246,401
vnm,4450,4125,246,574
vnm,4429,6889,246,252
vnm,4452,9083,246,691
vnm,4434,4487,246,638
vnm,4520,10241,248,965
vnm,4505,5071,248,529
vnm,4516,4633,248,504
vnm,4532,8915,248,1006
vnm,4504,5902,248,749
vnm,4533,8158,248,827
vnm,4507,5260,248,789
vnm,4525,6407,248,604
vnm,4515,8001,248,827
vnm,4513,10207,248,868
vnm,4517,8679,248,736
vnm,4526,7783,248,676
vnm,4508,6358,248,763
vnm,4522,7133,248,667
vnm,4510,7240,248,814
vnm,4521,6246,248,803
vnm,4518,5681,248,644
vnm,4511,7976,248,743
vnm,4519,8872,248,633
vnm,4509,9001,248,805
vnm,4523,7494,248,606
vnm,4512,11455,248,1045
vnm,4527,9630,248,956
vnm,4529,5936,248,803
vnm,4524,10713,248,674
vnm,4503,4412,248,112
vnm,4530,9715,248,813
vnm,4531,6378,248,656
vnm,4528,4585,248,471
vnm,4506,7983,248,921
vnm,2028,5945,121,1746
vnm,2021,7279,121,1509
vnm,2030,6540,121,1152
vnm,2036,3748,121,3676
vnm,2023,6518,121,1896
vnm,2013,2948,121,1789
vnm,2024,5002,121,1749
vnm,2026,4924,121,3450
vnm,2008,15524,121,1743
vnm,2027,6298,121,1624
vnm,2035,7654,121,2243
vnm,2031,4100,121,1340
vnm,2025,3666,121,2760
vnm,2032,5496,121,4238
vnm,2011,4175,121,2852
vnm,2015,3051,121,1098
vnm,2019,6358,121,1618
vnm,2014,4770,121,2106
vnm,2016,6771,121,2589
vnm,2018,3975,121,1207
vnm,2020,6544,121,2897
vnm,2010,4267,121,2845
vnm,2009,3209,121,882
vnm,2037,3502,121,5369
vnm,2017,5524,121,2921
vnm,2029,3782,121,1911
vnm,2022,6438,121,1378
vnm,2033,3468,121,716
vnm,2034,6990,121,3071
vnm,2012,11227,121,4853
vnm,1944,3865,117,1072
vnm,1939,1996,117,3502
vnm,1953,3809,117,3265
vnm,1956,4381,117,3677
vnm,1950,3364,117,1333
vnm,1933,6393,117,553
vnm,1946,2640,117,994
vnm,1945,4117,117,1759
vnm,1951,4046,117,1854
vnm,1938,2634,117,1561
vnm,1940,2106,117,1153
vnm,1935,3637,117,5529
vnm,1934,2571,117,3616
vnm,1955,5670,117,3854
vnm,1952,3122,117,1718
vnm,1943,3439,117,2691
vnm,1941,2582,117,1800
vnm,1936,4084,117,6928
vnm,1954,4887,117,1901
vnm,1942,2992,117,2666
vnm,1937,3991,117,7554
vnm,1947,3513,117,2243
vnm,1948,4611,117,1374
vnm,1949,3721,117,1729
vnm,1984,3379,119,5160
vnm,1987,6233,119,6974
vnm,1978,2861,119,1478
vnm,1985,11596,119,1630
vnm,1982,4687,119,1457
vnm,1983,6983,119,3863
vnm,1980,6477,119,2192
vnm,1990,10616,119,2993
vnm,1979,3321,119,1753
vnm,1973,3783,119,1345
vnm,1989,5008,119,2601
vnm,1977,5927,119,5165
vnm,1975,3780,119,728
vnm,1981,10888,119,8179
vnm,1976,5170,119,7974
vnm,2039,3487,122,176
vnm,2040,10235,122,178
vnm,2038,6076,122,441
vnm,2045,10605,122,1674
vnm,2046,33632,122,1294
vnm,2052,8746,122,796
vnm,2043,13577,122,2337
vnm,2044,8181,122,2476
vnm,2050,8203,122,959
vnm,2041,3126,122,3239
vnm,2042,14238,122,6553
vnm,2051,9441,122,1159
vnm,2054,5816,122,548
vnm,2047,16208,122,4022
vnm,2055,5841,122,605
vnm,2048,16123,122,1773
vnm,2053,11681,122,991
vnm,2049,8879,122,1288
vnm,2063,7059,123,1679
vnm,2057,6604,123,2124
vnm,2062,5591,123,1111
vnm,2067,9793,123,1585
vnm,2075,7364,123,966
vnm,2076,6580,123,608
vnm,2056,9288,123,1291
vnm,2073,9011,123,1265
vnm,2071,4795,123,582
vnm,2072,11247,123,1489
vnm,2066,8124,123,662
vnm,2069,9639,123,1296
vnm,2065,8834,123,2494
vnm,2059,8143,123,2570
vnm,2060,7889,123,2707
vnm,2061,5462,123,3374
vnm,2074,5818,123,611
vnm,2064,9322,123,1338
vnm,2070,6051,123,695
vnm,2068,8207,123,919
vnm,1971,9785,118,2131
vnm,1964,8767,118,4915
vnm,1958,8701,118,297
vnm,1957,3464,118,503
vnm,1967,2568,118,1184
vnm,1963,3266,118,2177
vnm,1969,10394,118,3147
vnm,1965,3114,118,1937
vnm,1966,5710,118,2779
vnm,1968,8728,118,3145
vnm,1970,9141,118,2244
vnm,1961,7127,118,4542
vnm,1962,6976,118,5379
vnm,1959,6685,118,5921
vnm,1960,6034,118,3731
vnm,1932,4836,116,1068
vnm,1930,6099,116,1032
vnm,1931,8449,116,3348
vnm,1925,5344,116,642
vnm,1923,2849,116,312
vnm,1922,12628,116,1972
vnm,1924,6656,116,212
vnm,1927,6212,116,547
vnm,1929,5094,116,1348
vnm,1926,7528,116,513
vnm,1928,2765,116,1026
vnm,1909,11023,115,1040
vnm,1986,7247,115,976
vnm,1974,11352,115,408
vnm,1991,6969,115,459
vnm,2058,4697,115,1015
vnm,1906,11474,115,166
vnm,1907,13762,115,497
vnm,1900,14286,115,177
vnm,1992,6119,115,947
vnm,1911,11714,115,472
vnm,1988,9862,115,1909
vnm,1903,20652,115,295
vnm,1910,10880,115,539
vnm,1915,3949,115,783
vnm,1918,6191,115,2014
vnm,1916,5658,115,2054
vnm,1897,8908,115,368
vnm,1902,18520,115,244
vnm,1898,7988,115,354
vnm,1917,16657,115,1342
vnm,1972,15024,115,2049
vnm,1921,5683,115,1754
vnm,1908,10475,115,562
vnm,1914,6662,115,274
vnm,1904,14794,115,395
vnm,1913,4917,115,294
vnm,1919,8546,115,2014
vnm,1905,13979,115,842
vnm,1920,13279,115,1098
vnm,1912,13445,115,397
vnm,1901,6273,115,104
vnm,1899,11363,115,333
vnm,2007,5115,120,3534
vnm,2000,2822,120,4341
vnm,2006,6149,120,6792
vnm,1993,3695,120,1198
vnm,2001,7959,120,4865
vnm,2002,6614,120,4288
vnm,2005,4570,120,9176
vnm,1995,2971,120,10549
vnm,1999,4875,120,7182
vnm,2004,4266,120,7270
vnm,1994,2780,120,12147
vnm,1996,2585,120,12887
vnm,1998,2472,120,5314
vnm,2003,7465,120,6025
vnm,1997,2910,120,9803
vnm,5042,8296,274,2044
vnm,5043,9794,274,1022
vnm,5046,8804,274,1761
vnm,5049,3544,274,618
vnm,5044,8726,274,553
vnm,5045,7610,274,300
vnm,5047,6177,274,285
vnm,5048,4870,274,590
vnm,5089,4545,278,3089
vnm,5098,6274,278,5238
vnm,5096,3782,278,6127
vnm,5082,3072,278,98
vnm,5084,3793,278,4363
vnm,5091,5688,278,2007
vnm,5085,7557,278,3168
vnm,5083,3243,278,5261
vnm,5086,6206,278,2760
vnm,5095,3336,278,4615
vnm,5099,3475,278,3694
vnm,5102,3738,278,1233
vnm,5094,4671,278,9786
vnm,5093,2920,278,1794
vnm,5090,4621,278,7167
vnm,5088,3343,278,3602
vnm,5092,5049,278,5491
vnm,5104,2334,278,1508
vnm,5097,3207,278,3505
vnm,5087,2092,278,4777
vnm,5101,8744,278,7951
vnm,5103,3204,278,3213
vnm,5100,5322,278,4403
vnm,5159,9245,282,3563
vnm,5162,5319,282,4763
vnm,5158,4294,282,2046
vnm,5157,4123,282,2855
vnm,5166,5764,282,3788
vnm,5155,2775,282,1720
vnm,5165,7004,282,3529
vnm,5164,6849,282,933
vnm,5169,5546,282,2630
vnm,5154,8177,282,5709
vnm,5161,5298,282,2745
vnm,5163,3845,282,2270
vnm,5168,3766,282,750
vnm,5156,5779,282,2666
vnm,5151,5618,282,409
vnm,5153,6503,282,3523
vnm,5160,6314,282,2274
vnm,5170,7803,282,1913
vnm,5167,3677,282,2002
vnm,5152,1318,282,699
vnm,5575,3646,297,373
vnm,5569,4910,297,681
vnm,5566,4983,297,627
vnm,5568,3314,297,446
vnm,5572,4305,297,504
vnm,5579,5091,297,1091
vnm,5567,5447,297,686
vnm,5578,4345,297,670
vnm,5580,4576,297,838
vnm,5576,5079,297,468
vnm,5573,5620,297,652
vnm,5574,5636,297,950
vnm,5577,5193,297,770
vnm,5570,4914,297,693
vnm,5564,9300,297,327
vnm,5450,7198,292,766
vnm,5447,3199,292,726
vnm,5445,4383,292,664
vnm,5444,4481,292,392
vnm,5468,7678,292,780
vnm,5467,8685,292,266
vnm,5443,4583,292,295
vnm,5460,4973,292,433
vnm,5464,10912,292,600
vnm,5466,12761,292,568
vnm,5449,4995,292,560
vnm,5457,4890,292,568
vnm,5461,3640,292,521
vnm,5454,4905,292,446
vnm,5465,13974,292,449
vnm,5469,17420,292,56
vnm,5453,3812,292,482
vnm,5463,6737,292,714
vnm,5462,4242,292,539
vnm,5459,2553,292,283
vnm,5451,7086,292,706
vnm,5456,3839,292,331
vnm,5448,9026,292,952
vnm,5446,5189,292,1121
vnm,5452,4303,292,675
vnm,5455,4205,292,355
vnm,5458,5173,292,503
vnm,5202,5940,284,742
vnm,5218,5470,284,987
vnm,5220,5016,284,530
vnm,5215,3751,284,1253
vnm,5207,3348,284,460
vnm,5206,4529,284,980
vnm,5223,4051,284,444
vnm,5219,3735,284,758
vnm,5212,3863,284,731
vnm,5214,8419,284,2827
vnm,5200,9663,284,5890
vnm,5210,3624,284,459
vnm,5211,4239,284,646
vnm,5209,2948,284,356
vnm,5208,2844,284,280
vnm,5213,4813,284,1638
vnm,5216,4740,284,1543
vnm,5222,3860,284,683
vnm,5205,2463,284,405
vnm,5217,6513,284,2014
vnm,5221,1697,284,269
vnm,5199,6718,284,262
vnm,5203,4156,284,763
vnm,5201,7731,284,1888
vnm,5204,3716,284,328
vnm,5394,4986,291,204
vnm,5408,5608,291,482
vnm,5432,8602,291,477
vnm,5421,5895,291,558
vnm,5419,4749,291,444
vnm,5423,4574,291,338
vnm,5417,2763,291,361
vnm,5438,5133,291,304
vnm,5396,4494,291,362
vnm,5436,4711,291,422
vnm,5412,5428,291,452
vnm,5418,4262,291,328
vnm,5398,4279,291,987
vnm,5409,2900,291,295
vnm,5402,6221,291,346
vnm,5427,5412,291,294
vnm,5406,3163,291,286
vnm,5431,6003,291,431
vnm,5415,3871,291,413
vnm,5437,6895,291,514
vnm,5440,10200,291,391
vnm,5430,6811,291,348
vnm,5400,4470,291,492
vnm,5399,4980,291,423
vnm,5416,2869,291,314
vnm,5401,6577,291,609
vnm,5411,4356,291,420
vnm,5405,3378,291,363
vnm,5433,5003,291,398
vnm,5422,7847,291,649
vnm,5425,6939,291,360
vnm,5424,4181,291,359
vnm,5439,11027,291,464
vnm,5426,5008,291,439
vnm,5435,6129,291,490
vnm,5428,4576,291,373
vnm,5404,6078,291,659
vnm,5441,10891,291,596
vnm,5403,4864,291,583
vnm,5420,4207,291,271
vnm,5397,3407,291,471
vnm,5407,3297,291,250
vnm,5434,4201,291,749
vnm,5128,4746,280,3936
vnm,5122,2595,280,4909
vnm,5123,4910,280,9077
vnm,5126,4402,280,7857
vnm,5118,4679,280,298
vnm,5127,4622,280,3012
vnm,5125,3518,280,5478
vnm,5124,6134,280,5479
vnm,5121,2397,280,8663
vnm,5119,5249,280,12078
vnm,5120,6106,280,11787
vnm,5063,3528,276,8029
vnm,5055,3048,276,1086
vnm,5058,4952,276,10142
vnm,5062,2830,276,4458
vnm,5061,5045,276,8549
vnm,5060,5658,276,13553
vnm,5056,3896,276,14845
vnm,5057,4173,276,14955
vnm,5059,6388,276,23800
vnm,5135,5268,281,2362
vnm,5142,4819,281,2470
vnm,5138,3029,281,1186
vnm,5148,11555,281,3651
vnm,5141,3295,281,1936
vnm,5130,4237,281,1712
vnm,5131,5447,281,3059
vnm,5150,9043,281,3913
vnm,5149,5637,281,2083
vnm,5136,11333,281,3823
vnm,5129,6271,281,217
vnm,5139,5692,281,1755
vnm,5140,4048,281,1912
vnm,5143,5393,281,1822
vnm,5147,9728,281,3894
vnm,5146,3714,281,1711
vnm,5144,3909,281,2727
vnm,5145,3175,281,1495
vnm,5137,8186,281,2961
vnm,5133,6159,281,6258
vnm,5132,9117,281,3835
vnm,5134,6674,281,5525
vnm,5471,4673,293,581
vnm,5487,8007,293,1110
vnm,5479,8061,293,316
vnm,5489,6982,293,1302
vnm,5484,5524,293,843
vnm,5485,4785,293,525
vnm,5481,3471,293,283
vnm,5492,8314,293,542
vnm,5476,3940,293,476
vnm,5482,4707,293,417
vnm,5477,3790,293,416
vnm,5488,6045,293,868
vnm,5470,3958,293,116
vnm,5490,6574,293,718
vnm,5494,4825,293,391
vnm,5495,4054,293,685
vnm,5491,5329,293,457
vnm,5493,6798,293,887
vnm,5480,5029,293,414
vnm,5486,4041,293,411
vnm,5474,4482,293,1150
vnm,5475,5372,293,535
vnm,5496,4309,293,494
vnm,5478,4050,293,411
vnm,5472,4013,293,542
vnm,5473,4900,293,639
vnm,5483,4248,293,452
vnm,5515,6401,295,532
vnm,5516,5716,295,2648
vnm,5523,4129,295,2222
vnm,5524,3769,295,1805
vnm,5520,8972,295,5107
vnm,5522,7993,295,2662
vnm,5519,4817,295,4468
vnm,5529,2223,295,2044
vnm,5531,4482,295,5451
vnm,5530,7186,295,11809
vnm,5517,6558,295,1993
vnm,5521,7355,295,5301
vnm,5526,3775,295,3119
vnm,5518,2330,295,2274
vnm,5525,3902,295,13510
vnm,5528,5332,295,2895
vnm,5527,9390,295,1843
vnm,5498,5001,294,3646
vnm,5507,2931,294,8191
vnm,5505,2570,294,1938
vnm,5504,2657,294,3294
vnm,5501,5013,294,3335
vnm,5506,2365,294,3599
vnm,5510,2169,294,10102
vnm,5512,2976,294,4322
vnm,5511,3233,294,3618
vnm,5508,5121,294,5176
vnm,5513,2683,294,3943
vnm,5509,2579,294,4517
vnm,5514,6683,294,6190
vnm,5500,5197,294,4781
vnm,5499,3289,294,14794
vnm,5502,2228,294,2036
vnm,5497,4115,294,564
vnm,5503,4556,294,3304
vnm,5562,5177,296,1647
vnm,5561,7282,296,1706
vnm,5556,9751,296,1798
vnm,5537,5361,296,713
vnm,5535,4163,296,828
vnm,5546,5460,296,879
vnm,5545,5944,296,870
vnm,5532,13391,296,1078
vnm,5543,5596,296,1137
vnm,5544,5355,296,719
vnm,5541,3059,296,621
vnm,5542,5058,296,1220
vnm,5536,5473,296,1295
vnm,5533,4845,296,838
vnm,5534,4125,296,615
vnm,5555,6956,296,1390
vnm,5552,12819,296,1892
vnm,5558,5186,296,834
vnm,5550,6822,296,581
vnm,5553,4008,296,851
vnm,5554,4232,296,719
vnm,5548,4229,296,693
vnm,5538,4695,296,620
vnm,5540,3996,296,921
vnm,5539,2271,296,361
vnm,5559,4250,296,1018
vnm,5560,6072,296,2032
vnm,5557,4928,296,758
vnm,5547,5592,296,986
vnm,5549,7473,296,1064
vnm,5551,4651,296,858
vnm,5563,2902,296,710
vnm,5594,6477,298,814
vnm,5603,6871,298,383
vnm,5590,5825,298,653
vnm,5589,6630,298,757
vnm,5611,4513,298,479
vnm,5618,9324,298,456
vnm,5595,6176,298,781
vnm,5599,6105,298,771
vnm,5601,6453,298,585
vnm,5620,6134,298,647
vnm,5621,7197,298,645
vnm,5600,4276,298,506
vnm,5597,4837,298,719
vnm,5619,8862,298,805
vnm,5604,8402,298,1061
vnm,5622,13593,298,278
vnm,5592,6722,298,855
vnm,5593,5942,298,729
vnm,5588,7427,298,858
vnm,5606,2806,298,426
vnm,5586,9765,298,727
vnm,5623,7235,298,322
vnm,5624,10151,298,445
vnm,4798,7894,261,837
vnm,5587,5440,298,596
vnm,5605,5474,298,741
vnm,1,0,1,28297
vnm,5602,6160,298,252
vnm,5608,4817,298,713
vnm,5596,4969,298,845
vnm,5584,3504,298,155
vnm,5598,6379,298,860
vnm,5076,3770,277,8207
vnm,5073,2938,277,9476
vnm,5074,3948,277,7799
vnm,5080,2555,277,11577
vnm,5075,3118,277,11655
vnm,5079,2436,277,4802
vnm,5069,1860,277,5438
vnm,5078,1118,277,2553
vnm,5070,2684,277,7777
vnm,5067,1804,277,3691
vnm,5071,1931,277,3024
vnm,5064,3714,277,471
vnm,5065,2486,277,6978
vnm,5072,3099,277,9512
vnm,5077,3550,277,6876
vnm,5066,3169,277,9177
vnm,5068,2804,277,9866
vnm,5081,1355,277,2726
vnm,5117,2736,279,11019
vnm,5113,3912,279,15739
vnm,5105,2556,279,1000
vnm,5116,4649,279,11718
vnm,5110,2139,279,11442
vnm,5114,2898,279,5545
vnm,5112,3657,279,16649
vnm,5115,3058,279,8597
vnm,5111,3838,279,11459
vnm,5109,3606,279,4360
vnm,5107,2393,279,6676
vnm,5108,3103,279,5120
vnm,5106,1661,279,6157
vnm,5051,8404,275,182
vnm,5615,9355,275,622
vnm,5053,11081,275,496
vnm,5617,6315,275,256
vnm,5610,6197,275,439
vnm,5609,5017,275,453
vnm,5614,8803,275,520
vnm,5054,15200,275,232
vnm,5616,9701,275,527
vnm,5052,13249,275,437
vnm,5050,14998,275,270
vnm,5171,4200,283,167
vnm,5198,3935,283,2020
vnm,5179,6212,283,1737
vnm,5177,8694,283,3938
vnm,5180,3476,283,667
vnm,5181,4723,283,1157
vnm,5174,2769,283,8049
vnm,5182,4810,283,1239
vnm,5175,6838,283,2431
vnm,5178,6836,283,2142
vnm,5173,1941,283,621
vnm,5176,3639,283,4750
vnm,5192,3194,283,1438
vnm,5187,4314,283,2175
vnm,5197,4632,283,1173
vnm,5196,6868,283,1099
vnm,5195,6484,283,3288
vnm,5183,5043,283,2709
vnm,5186,8804,283,3989
vnm,5191,6132,283,2868
vnm,5188,6629,283,3220
vnm,5193,5171,283,1324
vnm,5194,4173,283,1035
vnm,5189,5519,283,1827
vnm,5190,6237,283,4871
vnm,5185,6037,283,1774
vnm,5184,3134,283,5489
vnm,5172,2881,283,557
vnm,5276,5044,287,463
vnm,5275,2067,287,366
vnm,5270,6957,287,436
vnm,5277,6205,287,619
vnm,5301,3743,287,529
vnm,5299,6372,287,1158
vnm,5271,3144,287,314
vnm,5283,3729,287,376
vnm,5288,4643,287,503
vnm,5282,5156,287,782
vnm,5298,4332,287,865
vnm,5279,3761,287,555
vnm,5289,8108,287,2544
vnm,5296,3208,287,558
vnm,5273,3800,287,533
vnm,5305,1527,287,344
vnm,5309,2850,287,422
vnm,5269,5791,287,168
vnm,5290,7809,287,1177
vnm,5291,7149,287,669
vnm,5297,4158,287,1584
vnm,5284,4539,287,598
vnm,5281,5384,287,703
vnm,5287,4853,287,1299
vnm,5272,2960,287,381
vnm,5304,6012,287,718
vnm,5303,5520,287,560
vnm,5294,3125,287,563
vnm,5306,4318,287,713
vnm,5278,4097,287,608
vnm,5292,7098,287,3808
vnm,5285,3638,287,441
vnm,5286,6973,287,1519
vnm,5307,3093,287,435
vnm,5293,6040,287,1915
vnm,5274,3164,287,430
vnm,5295,8371,287,939
vnm,5300,3900,287,817
vnm,5280,4225,287,603
vnm,5308,4399,287,746
vnm,5302,3093,287,338
vnm,5565,8236,273,315
vnm,5031,9282,273,83
vnm,5028,6388,273,84
vnm,5036,10995,273,781
vnm,5038,9735,273,651
vnm,5583,4669,273,458
vnm,5037,15425,273,391
vnm,5571,7500,273,1124
vnm,5034,11782,273,103
vnm,5582,8081,273,504
vnm,5025,24925,273,435
vnm,5033,29976,273,538
vnm,5581,3653,273,509
vnm,5024,5775,273,410
vnm,5442,4395,273,350
vnm,5429,4259,273,462
vnm,5413,3551,273,243
vnm,5410,3091,273,295
vnm,5414,6787,273,622
vnm,5030,9942,273,116
vnm,5026,13775,273,267
vnm,5032,10018,273,69
vnm,5029,15370,273,208
vnm,5607,9284,273,823
vnm,5591,6588,273,630
vnm,5039,11419,273,552
vnm,5612,8483,273,483
vnm,5613,8351,273,439
vnm,5040,9944,273,418
vnm,5585,8305,273,566
vnm,5041,12766,273,1024
vnm,5035,10389,273,101
vnm,5395,6411,273,253
vnm,5392,10323,273,552
vnm,5391,9133,273,574
vnm,5389,3632,273,461
vnm,5027,12261,273,115
vnm,5388,3479,290,384
vnm,5379,4543,290,675
vnm,5368,6905,290,746
vnm,5387,8201,290,545
vnm,5372,7650,290,1036
vnm,5371,6208,290,912
vnm,5390,3945,290,662
vnm,5374,7137,290,781
vnm,5380,5788,290,789
vnm,5370,6478,290,907
vnm,5384,4937,290,482
vnm,5381,2857,290,407
vnm,5364,6164,290,814
vnm,5373,8225,290,631
vnm,5369,8210,290,732
vnm,5366,5002,290,485
vnm,5376,4869,290,769
vnm,5382,7634,290,691
vnm,5393,2737,290,334
vnm,5375,3905,290,462
vnm,5377,5317,290,699
vnm,5367,5736,290,490
vnm,5378,4836,290,656
vnm,5386,4763,290,489
vnm,5385,4303,290,411
vnm,5383,5349,290,595
vnm,5365,5806,290,656
vnm,5363,8782,290,619
vnm,5311,3687,288,25821
vnm,5318,6438,288,6954
vnm,5317,6960,288,4297
vnm,5315,8035,288,9390
vnm,5324,7561,288,2038
vnm,5326,5211,288,4577
vnm,5323,5276,288,1029
vnm,5310,5809,288,305
vnm,5314,5508,288,15634
vnm,5321,3629,288,4842
vnm,5316,5538,288,4370
vnm,5325,2734,288,9021
vnm,5322,5413,288,886
vnm,5313,4075,288,12251
vnm,5320,3650,288,4127
vnm,5319,3935,288,5022
vnm,5312,5131,288,23044
vnm,5631,4947,299,1258
vnm,5644,7068,299,632
vnm,5635,8101,299,2730
vnm,5638,3175,299,2844
vnm,5633,5911,299,761
vnm,5649,12032,299,835
vnm,5626,9624,299,513
vnm,5658,8173,299,1116
vnm,5643,7838,299,760
vnm,5637,6187,299,1060
vnm,5642,9441,299,1974
vnm,5630,12257,299,588
vnm,5645,18092,299,232
vnm,5656,10559,299,2793
vnm,5655,4233,299,830
vnm,5634,4116,299,1645
vnm,5653,8142,299,1744
vnm,5632,6577,299,1091
vnm,5657,9415,299,333
vnm,5641,9282,299,3812
vnm,5640,5442,299,755
vnm,5646,3718,299,2454
vnm,5639,5067,299,3557
vnm,5636,5892,299,1148
vnm,5650,8316,299,4163
vnm,5628,6985,299,1041
vnm,5627,5860,299,543
vnm,5625,5700,299,157
vnm,5652,5778,299,722
vnm,5629,3391,299,443
vnm,5654,9002,299,3548
vnm,5648,6525,299,1585
vnm,5651,4339,299,1273
vnm,5647,8330,299,743
vnm,5342,5501,289,574
vnm,5362,3037,289,2100
vnm,5346,6243,289,694
vnm,5348,4785,289,842
vnm,5347,8008,289,906
vnm,5339,6520,289,1082
vnm,5340,8330,289,818
vnm,5341,8731,289,1327
vnm,5331,5626,289,1087
vnm,5335,6101,289,1161
vnm,5333,6247,289,788
vnm,5332,3501,289,758
vnm,5350,5507,289,873
vnm,5338,4703,289,417
vnm,5337,3450,289,387
vnm,5336,4691,289,718
vnm,5361,5235,289,663
vnm,5345,8661,289,2291
vnm,5329,7483,289,2215
vnm,5357,3869,289,739
vnm,5353,6380,289,765
vnm,5356,7177,289,793
vnm,5358,3821,289,579
vnm,5328,5020,289,1436
vnm,5355,4537,289,844
vnm,5360,4536,289,680
vnm,5330,4659,289,1028
vnm,5359,4557,289,427
vnm,5344,8514,289,2019
vnm,5349,4913,289,673
vnm,5327,6982,289,231
vnm,5334,5954,289,1172
vnm,5343,6047,289,1805
vnm,5352,3291,289,376
vnm,5351,4178,289,568
vnm,5354,4209,289,679
vnm,5239,3837,285,1005
vnm,5234,6113,285,1714
vnm,5231,5584,285,1873
vnm,5235,6874,285,2297
vnm,5233,3008,285,445
vnm,5224,2462,285,162
vnm,5229,8812,285,1781
vnm,5232,5370,285,764
vnm,5237,5927,285,695
vnm,5230,4987,285,1069
vnm,5226,4757,285,822
vnm,5236,3086,285,829
vnm,5238,8786,285,2660
vnm,5225,5332,285,427
vnm,5228,4914,285,577
vnm,5227,5941,285,902
vnm,5268,6255,286,975
vnm,5260,3975,286,689
vnm,5267,5385,286,621
vnm,5258,6489,286,1281
vnm,5266,6701,286,870
vnm,5264,7194,286,802
vnm,5263,4959,286,564
vnm,5261,5988,286,847
vnm,5257,7861,286,1200
vnm,5259,6179,286,1359
vnm,5262,6913,286,1122
vnm,5265,7377,286,802
vnm,5240,4382,286,201
vnm,5246,11259,286,1541
vnm,5241,4234,286,3307
vnm,5250,3781,286,568
vnm,5245,3919,286,1051
vnm,5253,5417,286,760
vnm,5256,4776,286,764
vnm,5243,6731,286,1870
vnm,5255,4389,286,725
vnm,5251,5274,286,683
vnm,5242,4141,286,707
vnm,5244,4344,286,769
vnm,5254,4883,286,784
vnm,5247,6010,286,818
vnm,5252,5307,286,474
vnm,5249,4465,286,391
vnm,5248,5675,286,817
vnm,9774,13211,597,1239
vnm,9787,15703,597,1312
vnm,9782,10143,597,768
vnm,9786,14590,597,2274
vnm,9764,15147,597,394
vnm,9781,13473,597,1378
vnm,9766,14535,597,2944
vnm,9765,10359,597,2230
vnm,9769,8211,597,1260
vnm,9768,10473,597,3675
vnm,9775,13313,597,1261
vnm,9788,15860,597,1134
vnm,9777,19922,597,2343
vnm,9779,10056,597,1342
vnm,9780,13756,597,2213
vnm,9773,8095,597,1621
vnm,9776,10436,597,1982
vnm,9771,7664,597,2127
vnm,9784,10873,597,1276
vnm,9770,5262,597,2079
vnm,9767,8500,597,2769
vnm,9783,13284,597,2125
vnm,9785,10579,597,1150
vnm,9778,9190,597,1553
vnm,9772,8669,597,2274
vnm,9805,16144,598,2181
vnm,9811,8560,598,1395
vnm,9817,9282,598,1146
vnm,9815,6510,598,1226
vnm,9814,12638,598,1934
vnm,9816,12997,598,1676
vnm,9813,10411,598,1450
vnm,9795,8123,598,1974
vnm,9800,12339,598,2454
vnm,9820,16545,598,2098
vnm,9812,15969,598,1703
vnm,9796,12272,598,3663
vnm,9803,8978,598,1580
vnm,9819,17734,598,2234
vnm,9818,13784,598,1678
vnm,9792,10436,598,2641
vnm,9810,14270,595,2443
vnm,9798,8403,595,1743
vnm,9799,7136,595,1136
vnm,9797,13729,595,2201
vnm,9806,4711,595,530
vnm,9807,10528,595,898
vnm,9809,7014,595,981
vnm,9789,8827,595,247
vnm,9790,4957,595,436
vnm,9791,3023,595,377
vnm,9793,5822,595,252
vnm,9794,7760,595,268
vnm,9802,5730,595,1059
vnm,9804,11159,595,1442
vnm,9801,5585,595,945
vnm,9808,5653,595,718
vnm,9861,13104,600,1795
vnm,9864,11019,600,1904
vnm,9855,12263,600,2024
vnm,9859,7693,600,1093
vnm,9846,7428,600,333
vnm,9856,11107,600,1737
vnm,9863,9382,600,1336
vnm,9848,7184,600,817
vnm,9860,12661,600,1432
vnm,9852,10732,600,1119
vnm,9849,9711,600,1357
vnm,9851,11111,600,1327
vnm,9854,10309,600,1512
vnm,9858,8004,600,1123
vnm,9850,7900,600,1401
vnm,9857,10931,600,1395
vnm,9853,9930,600,1695
vnm,9847,7241,600,1281
vnm,9862,8908,600,1141
vnm,9839,8387,599,1038
vnm,9841,7281,599,726
vnm,9836,9512,599,1071
vnm,9828,9324,599,1681
vnm,9831,9846,599,881
vnm,9830,6389,599,397
vnm,9833,4724,599,575
vnm,9843,10323,599,1175
vnm,9834,9435,599,731
vnm,9832,14655,599,2031
vnm,9835,14169,599,1672
vnm,9829,17893,599,2268
vnm,9844,7145,599,981
vnm,9842,7524,599,832
vnm,9827,15502,599,2348
vnm,9822,7865,599,1066
vnm,9821,4769,599,94
vnm,9823,26674,599,1338
vnm,9824,16402,599,1874
vnm,9825,13419,599,610
vnm,9838,10370,599,904
vnm,9826,19746,599,1473
vnm,9840,10160,599,641
vnm,9884,14890,594,1880
vnm,9887,16660,594,2268
vnm,9749,6661,594,864
vnm,9750,6868,594,785
vnm,9747,5592,594,737
vnm,9748,7476,594,773
vnm,9745,4742,594,40
vnm,9743,5457,594,78
vnm,9742,5079,594,113
vnm,9744,6272,594,143
vnm,9746,4930,594,195
vnm,9891,14330,594,2113
vnm,9893,9591,602,1617
vnm,9895,11117,602,1619
vnm,9886,5964,602,1546
vnm,9890,16135,602,1959
vnm,9896,9875,602,2060
vnm,9894,7166,602,2052
vnm,9892,10260,602,1388
vnm,9882,5559,602,364
vnm,9885,13364,602,1775
vnm,9889,13458,602,1724
vnm,9897,13163,602,2509
vnm,9883,9448,602,1974
vnm,9888,13424,602,910
vnm,9870,10818,601,1642
vnm,9867,8624,601,1492
vnm,9875,10779,601,1857
vnm,9866,9255,601,1583
vnm,9868,10323,601,1867
vnm,9877,12532,601,2070
vnm,9874,8292,601,1405
vnm,9873,12733,601,2106
vnm,9872,9389,601,1688
vnm,9869,4948,601,949
vnm,9865,11208,601,908
vnm,9876,11159,601,1956
vnm,9871,6493,601,1250
vnm,9738,20812,593,1221
vnm,9740,21395,593,1352
vnm,9837,13844,593,1241
vnm,9731,4283,593,66
vnm,9736,12122,593,313
vnm,9732,10814,593,51
vnm,9730,8401,593,49
vnm,9728,13854,593,52
vnm,9727,21040,593,304
vnm,9734,21423,593,288
vnm,9729,7434,593,39
vnm,9733,10720,593,89
vnm,9735,9505,593,253
vnm,9737,3074,593,53
vnm,9741,14449,593,1044
vnm,9845,5808,593,651
vnm,9739,26420,593,1089
vnm,9898,6190,603,1685
vnm,9899,3582,603,1022
vnm,9880,7924,603,1752
vnm,9879,9227,603,1295
vnm,9881,4401,603,669
vnm,9878,10521,603,1698
vnm,9758,7287,596,3856
vnm,9751,3216,596,281
vnm,9761,3319,596,4458
vnm,9756,8201,596,1541
vnm,9763,10539,596,3830
vnm,9752,1867,596,3252
vnm,9760,4424,596,3780
vnm,9757,11090,596,2229
vnm,9759,6253,596,3294
vnm,9762,2725,596,2008
vnm,9755,1053,596,2797
vnm,9754,2431,596,3346
vnm,9753,2407,596,3912
vnm,10091,9257,615,1831
vnm,10088,6104,615,331
vnm,10090,10079,615,3650
vnm,10089,8489,615,2426
vnm,10092,9807,615,2337
vnm,10093,8781,615,1702
vnm,10094,10705,615,3274
vnm,10095,10219,615,3166
vnm,10096,10430,615,2483
vnm,10098,6484,615,1426
vnm,10097,11717,615,3172
vnm,10124,5561,618,209
vnm,10131,8241,618,2516
vnm,10136,5498,618,834
vnm,10137,7176,618,1350
vnm,10130,7818,618,2590
vnm,10133,11341,618,3186
vnm,10128,8907,618,1713
vnm,10125,4415,618,267
vnm,10126,7901,618,1943
vnm,10127,6692,618,1474
vnm,10134,9606,618,3157
vnm,10138,7923,618,2268
vnm,10132,7563,618,1697
vnm,10135,8082,618,2768
vnm,10129,13651,618,2723
vnm,10077,13813,614,3258
vnm,10076,7526,614,2232
vnm,10081,14520,614,3169
vnm,10074,13436,614,1260
vnm,10084,8669,614,1715
vnm,10083,4542,614,1067
vnm,10087,9957,614,1756
vnm,10078,15218,614,4113
vnm,10075,10675,614,2712
vnm,10086,7515,614,1645
vnm,10085,6567,614,1329
vnm,10082,12212,614,2548
vnm,10079,10269,614,2614
vnm,10080,11425,614,2955
vnm,10110,6016,617,411
vnm,10111,13594,617,4314
vnm,10119,11651,617,1863
vnm,10122,10732,617,1274
vnm,10118,13540,617,1397
vnm,10121,8530,617,2113
vnm,10123,9295,617,671
vnm,10115,11277,617,2696
vnm,10114,9415,617,2709
vnm,10112,10960,617,3130
vnm,10117,7292,617,1329
vnm,10120,9952,617,2674
vnm,10116,12996,617,4008
vnm,10113,7702,617,2528
vnm,10154,11618,620,2501
vnm,10153,13491,620,1917
vnm,10168,10519,620,1992
vnm,10163,6524,620,1047
vnm,10159,5140,620,187
vnm,10167,12133,620,1993
vnm,10166,18405,620,2585
vnm,10164,6067,621,1662
vnm,10169,4391,621,557
vnm,10162,9000,621,1945
vnm,10160,5443,621,678
vnm,10158,8848,621,402
vnm,10161,6567,621,194
vnm,10165,7522,621,1460
vnm,10100,8073,616,526
vnm,10102,11994,616,3135
vnm,10103,10659,616,2590
vnm,10105,6788,616,2140
vnm,10104,11804,616,3217
vnm,10108,6721,616,2239
vnm,10101,11501,616,2779
vnm,10107,12952,616,3827
vnm,10109,10952,616,2730
vnm,10106,9023,616,2313
vnm,10099,6660,616,459
vnm,10144,9566,619,2683
vnm,10151,9946,619,1334
vnm,10140,4096,619,369
vnm,10152,4408,619,912
vnm,10149,7516,619,1925
vnm,10150,7148,619,1672
vnm,10147,8838,619,2126
vnm,10156,6968,619,1883
vnm,10145,12854,619,2553
vnm,10155,8266,619,2904
vnm,10146,9443,619,2322
vnm,10141,15259,619,3797
vnm,10142,9111,619,2363
vnm,10157,10615,619,2929
vnm,10143,6353,619,1812
vnm,10148,8048,619,1682
vnm,10139,7104,619,329
vnm,10073,21524,613,2733
vnm,10065,10401,613,290
vnm,10067,3400,613,35
vnm,10066,3484,613,14
vnm,10064,9670,613,157
vnm,10068,11089,613,224
vnm,10069,12113,613,115
vnm,10070,16403,613,687
vnm,10071,9536,613,378
vnm,10072,13363,613,1339
vnm,809,2082,52,3028
vnm,793,2162,52,4218
vnm,789,3425,52,9872
vnm,803,4744,52,3004
vnm,797,5346,52,7308
vnm,790,5023,52,8074
vnm,799,2882,52,9479
vnm,802,4798,52,5216
vnm,808,3218,52,11010
vnm,786,5759,52,4890
vnm,795,5351,52,3658
vnm,806,2045,52,3019
vnm,796,4438,52,6992
vnm,785,6732,52,11415
vnm,798,4275,52,2736
vnm,792,5722,52,7027
vnm,788,7277,52,9010
vnm,800,3543,52,2272
vnm,805,4050,52,10427
vnm,787,7166,52,12977
vnm,801,3028,52,1796
vnm,781,8389,52,831
vnm,804,6866,52,3113
vnm,794,4575,52,4387
vnm,791,6127,52,8634
vnm,807,6949,52,4941
vnm,812,4152,53,2848
vnm,824,2913,53,3602
vnm,820,6215,53,3257
vnm,826,6252,53,2722
vnm,827,9112,53,7891
vnm,815,5004,53,3931
vnm,817,9151,53,8077
vnm,813,3563,53,3527
vnm,822,3277,53,1781
vnm,816,9887,53,11108
vnm,819,8864,53,6110
vnm,810,10924,53,4015
vnm,825,9030,53,4073
vnm,821,7149,53,4802
vnm,823,6562,53,6659
vnm,814,4690,53,16156
vnm,818,8437,53,11533
vnm,811,5311,53,9331
vnm,782,3265,50,6642
vnm,783,3587,50,7814
vnm,772,3186,50,16596
vnm,776,6065,50,9259
vnm,767,2672,50,20973
vnm,784,5177,50,8699
vnm,777,4692,50,15009
vnm,769,2158,50,9492
vnm,770,1974,51,7064
vnm,774,5474,51,9666
vnm,773,1567,51,2048
vnm,775,1624,51,9784
vnm,764,7044,51,4995
vnm,779,5064,51,12992
vnm,765,3116,51,13333
vnm,778,2905,51,15553
vnm,780,2774,51,12859
vnm,766,1845,51,3613
vnm,768,4362,51,6492
vnm,771,4993,51,7417
vnm,870,2696,55,1604
vnm,873,6182,55,3077
vnm,885,3189,55,1503
vnm,891,10883,55,4201
vnm,881,2967,55,1602
vnm,886,4642,55,3097
vnm,876,8559,55,6024
vnm,888,5217,55,1171
vnm,878,6806,55,4779
vnm,874,5338,55,3954
vnm,893,5521,55,1738
vnm,877,2661,55,3516
vnm,896,2341,55,824
vnm,871,2866,55,4094
vnm,866,5382,55,4105
vnm,890,8219,55,3057
vnm,889,6077,55,4574
vnm,875,8447,55,5045
vnm,880,3715,55,1528
vnm,895,1621,55,595
vnm,864,14081,55,2518
vnm,892,9306,55,2522
vnm,894,5595,55,1923
vnm,867,4756,55,4333
vnm,879,1115,55,2599
vnm,887,5940,55,3875
vnm,869,5457,55,2842
vnm,865,4731,55,4114
vnm,872,6323,55,3881
vnm,882,4615,55,3359
vnm,884,5076,55,1614
vnm,883,3012,55,1090
vnm,868,8543,55,2428
vnm,761,5556,49,480
vnm,853,4135,49,1387
vnm,856,12625,49,1372
vnm,860,8279,49,3199
vnm,763,7432,49,530
vnm,857,7332,49,1472
vnm,757,10422,49,176
vnm,760,7842,49,1501
vnm,756,9549,49,137
vnm,762,10950,49,545
vnm,758,8290,49,123
vnm,859,3786,49,1430
vnm,759,5377,49,1545
vnm,849,4691,54,3320
vnm,833,3899,54,3356
vnm,847,3109,54,6086
vnm,841,2596,54,5406
vnm,863,8262,54,2463
vnm,858,5253,54,1438
vnm,837,6712,54,13104
vnm,831,5640,54,13749
vnm,851,11562,54,2360
vnm,844,3330,54,3797
vnm,830,3277,54,3198
vnm,845,6431,54,3505
vnm,854,11897,54,4062
vnm,861,5068,54,2619
vnm,862,4825,54,2122
vnm,855,8530,54,4717
vnm,846,2238,54,3812
vnm,836,5518,54,3971
vnm,829,2180,54,4118
vnm,840,8007,54,4450
vnm,828,3925,54,960
vnm,842,5800,54,4297
vnm,839,3907,54,7513
vnm,843,8758,54,3154
vnm,850,4766,54,3230
vnm,852,5216,54,5763
vnm,832,2267,54,8175
vnm,848,8900,54,1444
vnm,838,3395,54,5419
vnm,834,2264,54,3960
vnm,835,8944,54,4825
vnm,10246,13602,627,224
vnm,10261,7793,627,1119
vnm,10260,6552,627,1620
vnm,10264,10790,627,1880
vnm,10262,10535,627,429
vnm,10263,16262,627,1820
vnm,10247,11305,627,319
vnm,10259,17373,627,2223
vnm,10255,8029,629,2138
vnm,10253,8775,629,2597
vnm,10251,9382,629,1210
vnm,10256,8799,629,864
vnm,10248,3861,629,2063
vnm,10252,11062,629,1095
vnm,10258,9385,629,533
vnm,10249,8351,629,1894
vnm,10254,6681,629,1014
vnm,10257,14258,629,1576
vnm,10250,6606,629,1861
vnm,10185,10252,623,1283
vnm,10183,9068,623,1102
vnm,10182,11943,623,1624
vnm,10184,9060,623,1233
vnm,10195,10486,623,1491
vnm,10191,10258,623,1224
vnm,10192,10546,623,1872
vnm,10181,6961,623,269
vnm,10189,13440,623,1502
vnm,10190,10647,623,1772
vnm,10193,15260,623,1407
vnm,10188,11175,623,1053
vnm,10187,14995,623,1544
vnm,10194,7452,623,1685
vnm,10186,14922,623,1262
vnm,10199,10294,624,2005
vnm,10204,9908,624,2157
vnm,10196,3445,624,203
vnm,10205,7404,624,1315
vnm,10203,7178,624,1547
vnm,10202,7482,624,1154
vnm,10201,5235,624,677
vnm,10197,9854,624,1088
vnm,10198,7348,624,950
vnm,10200,8439,624,1527
vnm,10206,6804,624,1463
vnm,10207,6296,624,1270
vnm,10208,5810,624,1160
vnm,10245,9053,626,2328
vnm,10232,6344,626,1471
vnm,10237,6874,626,1610
vnm,10234,7660,626,1438
vnm,10233,8093,626,1891
vnm,10243,11353,626,2661
vnm,10240,8201,626,1918
vnm,10238,9015,626,2371
vnm,10241,11213,626,2759
vnm,10244,13327,626,2724
vnm,10235,8237,626,1902
vnm,10231,12115,626,3058
vnm,10236,9790,626,1674
vnm,10229,4718,626,168
vnm,10230,6113,626,1446
vnm,10239,8538,626,2105
vnm,10242,9749,626,1232
vnm,10272,9546,628,2048
vnm,10268,10399,628,3310
vnm,10277,9084,628,1682
vnm,10267,7509,628,2082
vnm,10275,7470,628,1463
vnm,10271,10733,628,2226
vnm,10269,8029,628,2161
vnm,10276,10324,628,2471
vnm,10274,6539,628,1724
vnm,10278,8076,628,1882
vnm,10270,11081,628,2274
vnm,10265,9011,628,198
vnm,10273,12359,628,3002
vnm,10266,8481,628,2029
vnm,10172,9346,622,75
vnm,10173,12682,622,141
vnm,10175,19060,622,429
vnm,10174,16522,622,246
vnm,10171,15303,622,346
vnm,10176,15211,622,379
vnm,10170,12360,622,441
vnm,10179,7805,622,502
vnm,10178,8692,622,742
vnm,10177,9806,622,807
vnm,10180,8869,622,509
vnm,10228,7073,625,1693
vnm,10226,7871,625,2130
vnm,10218,7873,625,1676
vnm,10227,7789,625,2473
vnm,10223,5476,625,1571
vnm,10212,7917,625,1718
vnm,10211,8287,625,1599
vnm,10214,9968,625,1795
vnm,10210,7646,625,1582
vnm,10215,10092,625,1639
vnm,10225,5641,625,1647
vnm,10213,5134,625,1411
vnm,10221,9729,625,1962
vnm,10217,8295,625,1967
vnm,10222,6761,625,1547
vnm,10224,7456,625,1670
vnm,10220,8354,625,1752
vnm,10219,4676,625,1074
vnm,10216,4980,625,1099
vnm,10209,7180,625,528
vnm,3076,15368,177,1562
vnm,3082,13281,177,1105
vnm,3074,9165,177,1071
vnm,3073,16076,177,1042
vnm,3078,7362,177,990
vnm,3085,7170,177,666
vnm,3080,5884,177,476
vnm,3081,9954,177,1044
vnm,3079,7648,177,715
vnm,3083,6359,177,577
vnm,3084,13894,177,942
vnm,3077,9526,177,1522
vnm,3075,7526,177,5408
vnm,3022,6728,174,1420
vnm,3039,5163,174,706
vnm,3041,12242,174,1519
vnm,3047,4475,174,522
vnm,3017,4785,174,930
vnm,3024,5870,174,607
vnm,3014,8045,174,527
vnm,3025,5912,174,1255
vnm,3032,6164,174,926
vnm,3016,5541,174,1919
vnm,3015,5993,174,1346
vnm,3050,9241,174,855
vnm,3033,6992,174,1250
vnm,3023,7746,174,935
vnm,3042,4989,174,522
vnm,3049,8369,174,714
vnm,3043,4918,174,841
vnm,3027,4400,174,1307
vnm,3026,10131,174,1633
vnm,3040,6201,174,876
vnm,3011,10304,173,1234
vnm,3009,5794,173,447
vnm,3005,9957,173,245
vnm,3012,8143,173,674
vnm,3010,12768,173,8756
vnm,3007,14841,173,646
vnm,3013,11919,173,817
vnm,3006,7411,173,213
vnm,3004,9259,173,85
vnm,3008,14208,173,548
vnm,3020,2783,181,677
vnm,3048,8697,181,804
vnm,3028,4613,181,1597
vnm,3044,9154,181,1343
vnm,3046,7318,181,828
vnm,3030,4828,181,772
vnm,3021,6581,181,1152
vnm,3018,6739,181,2482
vnm,3035,3408,181,437
vnm,3029,5340,181,914
vnm,3037,4371,181,584
vnm,3031,5204,181,820
vnm,3019,7912,181,2227
vnm,3045,4585,181,619
vnm,3036,3459,181,420
vnm,3034,5508,181,901
vnm,3038,6722,181,881
vnm,3068,6862,176,1138
vnm,3069,10919,176,4320
vnm,3066,15188,176,9163
vnm,3071,7529,176,2199
vnm,3065,9053,176,1201
vnm,3072,12100,176,6047
vnm,3064,727,176,280
vnm,3070,13338,176,3495
vnm,3067,6476,176,1139
vnm,3057,7171,175,923
vnm,3056,6941,175,928
vnm,3053,11700,175,1267
vnm,3059,10933,175,1018
vnm,3051,10863,175,1066
vnm,3063,7259,175,544
vnm,3060,7280,175,830
vnm,3052,6551,175,936
vnm,3061,7951,175,722
vnm,3055,10291,175,1565
vnm,3054,11580,175,1846
vnm,3058,7727,175,1082
vnm,3062,6009,175,490
vnm,3146,9377,180,568
vnm,3128,3697,180,242
vnm,3135,13316,180,957
vnm,3132,4895,180,562
vnm,3124,8489,180,665
vnm,3129,9491,180,624
vnm,3122,8872,180,1001
vnm,3131,10496,180,700
vnm,3140,4778,180,309
vnm,3125,8258,180,586
vnm,3145,6669,180,464
vnm,3148,5257,180,733
vnm,3137,3161,180,207
vnm,3144,6369,180,565
vnm,3143,3659,180,312
vnm,3136,3303,180,278
vnm,3130,6343,180,371
vnm,3133,15898,180,666
vnm,3138,8235,180,707
vnm,3141,5951,180,723
vnm,3142,5610,180,406
vnm,3127,4363,180,323
vnm,3149,4130,180,532
vnm,3134,5843,180,420
vnm,3147,9420,180,1088
vnm,3121,5742,180,371
vnm,3139,4153,180,434
vnm,3123,8505,180,731
vnm,3126,8773,180,675
vnm,3001,10491,172,922
vnm,2998,8776,172,218
vnm,3000,18330,172,857
vnm,2997,14119,172,847
vnm,3002,18114,172,1350
vnm,2996,21484,172,476
vnm,2999,5616,172,57
vnm,3003,8889,172,659
vnm,2995,9056,172,198
vnm,3107,9599,179,803
vnm,3118,8993,179,1114
vnm,3105,8488,179,683
vnm,3106,11989,179,804
vnm,3119,7340,179,628
vnm,3115,3527,179,357
vnm,3117,8433,179,1004
vnm,3113,8159,179,720
vnm,3109,8256,179,501
vnm,3110,15098,179,1019
vnm,3120,6674,179,255
vnm,3116,6907,179,527
vnm,3108,10557,179,891
vnm,3112,6194,179,527
vnm,3111,10887,179,874
vnm,3104,14736,179,666
vnm,3114,8746,179,614
vnm,1529,2675,97,5008
vnm,1543,4895,97,4530
vnm,1537,6637,97,4034
vnm,1527,1223,97,1651
vnm,1534,3337,97,6984
vnm,1524,4821,97,3175
vnm,1523,5500,97,4952
vnm,1536,4368,97,2711
vnm,1526,3533,97,2246
vnm,1525,2431,97,3515
vnm,1539,5490,97,4665
vnm,1530,6636,97,3540
vnm,1528,6208,97,5160
vnm,1542,2238,97,3735
vnm,1541,6309,97,10287
vnm,1538,3937,97,3819
vnm,1532,7102,97,4552
vnm,1522,1863,97,5783
vnm,1531,2988,97,2431
vnm,1540,2802,97,4412
vnm,1544,4422,97,4976
vnm,1535,4289,97,2761
vnm,1533,4555,97,1851
vnm,1521,9712,97,1853
vnm,1580,5777,99,10870
vnm,1577,3377,99,5405
vnm,1583,2266,99,29598
vnm,1582,2606,99,5540
vnm,1573,2780,99,6807
vnm,1575,5270,99,8330
vnm,1579,1793,99,3942
vnm,1581,4886,99,4179
vnm,1578,8775,99,19888
vnm,1576,4425,99,8035
vnm,1572,3327,99,988
vnm,1574,8678,99,25310
vnm,1585,5368,99,14827
vnm,1584,4012,99,6697
vnm,1517,2641,96,132
vnm,1520,3054,96,1423
vnm,1518,4200,96,393
vnm,1519,2212,96,567
vnm,1514,6469,96,672
vnm,1516,6127,96,359
vnm,1515,6703,96,166
vnm,1624,2750,101,11762
vnm,1625,5664,101,15357
vnm,1626,3695,101,1830
vnm,1623,2052,101,8942
vnm,1622,2225,101,4704
vnm,1617,1565,101,2696
vnm,1619,1513,101,3836
vnm,1621,1931,101,11094
vnm,1615,2838,101,485
vnm,1620,2481,101,3944
vnm,1616,3569,101,18652
vnm,1618,3351,101,9915
vnm,1607,2850,100,1263
vnm,1588,5088,100,1640
vnm,1586,5634,100,482
vnm,1594,2328,100,2000
vnm,1589,2726,100,1574
vnm,1610,5919,100,11710
vnm,1591,2498,100,2304
vnm,1612,6400,100,3841
vnm,1611,4276,100,3076
vnm,1595,3921,100,10918
vnm,1599,6706,100,8543
vnm,1592,2809,100,2283
vnm,1609,3922,100,2138
vnm,1598,1457,100,785
vnm,1596,1893,100,572
vnm,1593,5236,100,2282
vnm,1587,3849,100,3491
vnm,1614,2263,100,2190
vnm,1608,4718,100,5715
vnm,1613,2276,100,4410
vnm,1590,2761,100,1697
vnm,1597,3333,100,4260
vnm,1635,4101,102,8388
vnm,1654,5471,102,6905
vnm,1651,9502,102,21184
vnm,1653,6561,102,5922
vnm,1649,3915,102,5478
vnm,1650,5189,102,2857
vnm,1632,5900,102,4761
vnm,1646,5611,102,967
vnm,1656,3836,102,4106
vnm,1631,3886,102,11427
vnm,1636,3870,102,9756
vnm,1634,2381,102,3350
vnm,1642,1580,102,1136
vnm,1657,7280,102,5598
vnm,1627,4646,102,1482
vnm,1628,5131,102,2126
vnm,1629,5097,102,2381
vnm,1641,7289,102,2529
vnm,1647,6890,102,1533
vnm,1640,4800,102,1025
vnm,1637,3358,102,2614
vnm,1644,9091,102,4015
vnm,1643,2075,102,3339
vnm,1639,3535,102,7587
vnm,1638,1791,102,4299
vnm,1633,3664,102,5102
vnm,1652,5427,102,3783
vnm,1648,4827,102,961
vnm,1645,3002,102,387
vnm,1655,8285,102,11579
vnm,1630,6235,102,3640
vnm,1550,3880,98,4402
vnm,1559,9536,98,3209
vnm,1549,7657,98,10666
vnm,1548,3738,98,9378
vnm,1565,3304,98,1061
vnm,1563,3324,98,10463
vnm,1552,5835,98,4745
vnm,1553,6766,98,2472
vnm,1568,2264,98,2399
vnm,1547,7544,98,12782
vnm,1546,6873,98,9272
vnm,1545,11392,98,887
vnm,1555,4551,98,3302
vnm,1570,4680,98,12196
vnm,1571,2311,98,7135
vnm,1556,4091,98,4671
vnm,1554,4193,98,8600
vnm,1561,6050,98,25710
vnm,1551,2674,98,6136
vnm,1558,4552,98,7617
vnm,1569,3514,98,5292
vnm,1567,3773,98,2037
vnm,1557,3005,98,8602
vnm,1562,4033,98,2029
vnm,1564,2145,98,1272
vnm,1566,4389,98,1776
vnm,1560,2677,98,4363
vnm,1600,4982,95,1901
vnm,1507,11532,95,497
vnm,1601,1798,95,576
vnm,1509,7490,95,109
vnm,1602,4186,95,1116
vnm,1510,3414,95,1906
vnm,1505,8472,95,271
vnm,1511,3180,95,470
vnm,1508,6579,95,136
vnm,1506,11950,95,188
vnm,1604,1508,95,593
vnm,1513,3432,95,1411
vnm,1512,4171,95,613
vnm,1606,2255,95,541
vnm,1603,2944,95,1053
vnm,1504,11446,95,716
vnm,1503,8455,95,491
vnm,1674,4089,103,2678
vnm,1666,7986,103,6146
vnm,1670,3099,103,2454
vnm,1662,6439,103,3685
vnm,1676,3052,103,2998
vnm,1682,3214,103,1537
vnm,1680,4011,103,2103
vnm,1667,1162,103,1639
vnm,1669,4348,103,2471
vnm,1663,2356,103,3023
vnm,1681,3194,103,1482
vnm,1673,3297,103,2502
vnm,1665,1162,103,1586
vnm,1672,7149,103,5099
vnm,1664,5578,103,4301
vnm,1679,3707,103,2393
vnm,1659,3641,103,845
vnm,1661,2162,103,1885
vnm,1605,2188,103,1354
vnm,1677,5923,103,2523
vnm,1675,5570,103,3110
vnm,1668,3295,103,2873
vnm,1660,3761,103,9601
vnm,1658,11979,103,1915
vnm,1678,3761,103,1249
vnm,1671,4898,103,3683
